productId,title,description,imageUrlStr,mrp,price,productUrl,categories,productBrand,deliveryTime,inStock,codAvailable,emiAvailable,offers,discount,cashBack,size,color,sizeUnit,sizeVariants,colorVariants,styleCode
SBNE9ZWAEKUY7ZJX,Kingshen Premium,"Software FeatureSet Time/Date User-definedAlarm SupportRemote Camera Monitoring your sleeping time and sleeping quality.Motion TrackerPedometer Keep track of you stepsDistance Record your distanceCalorie Calculate the calorie consumptionHealth CareSedentary Reminder Remind you to take a walk after sitting too muchSleep Monitor Monitoring your sleeping time and sleeping qualityNotificationInformation Phone call, MessageDisplay Supportsynchronization Automatically sync your data via bluetooth.Product DescriptionAccurately track all day stats like steps taken, distance traveled, calories burned, stairs, climbed, and active minutes.Monitor your sleep auto matically and wake with a silent alarm.See daily stats, time of day, and exercise mode wity a bright OLED display.Get call notifications right on your wrist.Access real-time run stats like time, distance, and pace to stay on track.Sync stats wirelessly and automatically to your computer and over 120 leading smartphones.",http://img5a.flixcart.com/image/smart-band-tag/z/j/x/e02-kingshen-400x400-imae9ka7ftznnvzh.jpeg;http://img6a.flixcart.com/image/smart-band-tag/z/j/x/e02-kingshen-75x75-imae9ka7ftznnvzh.jpeg;http://img6a.flixcart.com/image/smart-band-tag/z/j/x/e02-kingshen-275x275-imae9ka7ftznnvzh.jpeg;http://img5a.flixcart.com/image/smart-band-tag/z/j/x/e02-kingshen-original-imae9ka7ftznnvzh.jpeg;http://img5a.flixcart.com/image/smart-band-tag/z/j/x/e02-kingshen-125x125-imae9ka7ftznnvzh.jpeg;http://img5a.flixcart.com/image/smart-band-tag/z/j/x/e02-kingshen-40x40-imae9ka7ftznnvzh.jpeg;http://img5a.flixcart.com/image/smart-band-tag/z/j/x/e02-kingshen-1100x1100-imae9ka7ftznnvzh.jpeg;http://img6a.flixcart.com/image/smart-band-tag/z/j/x/e02-kingshen-100x100-imae9ka7ftznnvzh.jpeg;http://img6a.flixcart.com/image/smart-band-tag/z/j/x/e02-kingshen-200x200-imae9ka7ftznnvzh.jpeg;,8999.0,2200.0,http://dl.flipkart.com/dl/kingshen-premium/p/itme9nsggc35sm4b?pid=SBNE9ZWAEKUY7ZJX&affid=mohindhar,Wearable Smart Devices>Smart Bands,Kingshen,,true,true,,,75,0,,Black,,"[SBNE9NSGPYG5RXYM, SBNE9UPQ5D3F6T9V, SBNE9WKPMHBSFCR2, SBNE9WKPNAXSSHXP]",,
SBNE9SYGYSAWEBNT,PowerPlay Fitness and Notification Band,,http://img6a.flixcart.com/image/smart-band-tag/b/n/t/pp576ver1-powerplay-400x400-imae9sxx5nbncr6n.jpeg;http://img5a.flixcart.com/image/smart-band-tag/b/n/t/pp576ver1-powerplay-75x75-imae9sxx5nbncr6n.jpeg;http://img6a.flixcart.com/image/smart-band-tag/b/n/t/pp576ver1-powerplay-275x275-imae9sxx5nbncr6n.jpeg;http://img5a.flixcart.com/image/smart-band-tag/b/n/t/pp576ver1-powerplay-125x125-imae9sxx5nbncr6n.jpeg;http://img6a.flixcart.com/image/smart-band-tag/b/n/t/pp576ver1-powerplay-40x40-imae9sxx5nbncr6n.jpeg;http://img5a.flixcart.com/image/smart-band-tag/b/n/t/pp576ver1-powerplay-1100x1100-imae9sxx5nbncr6n.jpeg;http://img6a.flixcart.com/image/smart-band-tag/b/n/t/pp576ver1-powerplay-100x100-imae9sxx5nbncr6n.jpeg;http://img6a.flixcart.com/image/smart-band-tag/b/n/t/pp576ver1-powerplay-200x200-imae9sxx5nbncr6n.jpeg;http://img6a.flixcart.com/image/smart-band-tag/b/n/t/pp576ver1-powerplay-original-imae9sxx5nbncr6n.jpeg;,3999.0,3999.0,http://dl.flipkart.com/dl/powerplay-fitness-notification-band/p/itme9sygk5rgu95g?pid=SBNE9SYGYSAWEBNT&affid=mohindhar,Wearable Smart Devices>Smart Bands,PowerPlay,,true,true,,,0,0,,Black,,[],,
SBNE86BFAZT6GPGP,Mi Band,,http://img6a.flixcart.com/image/smart-band-tag/p/g/p/9020-xaomi-400x400-imae86bnvh9ztxbr.jpeg;http://img5a.flixcart.com/image/smart-band-tag/p/g/p/9020-xaomi-75x75-imae86bnvh9ztxbr.jpeg;http://img6a.flixcart.com/image/smart-band-tag/p/g/p/9020-xaomi-275x275-imae86bnvh9ztxbr.jpeg;http://img5a.flixcart.com/image/smart-band-tag/p/g/p/9020-xaomi-125x125-imae86bnvh9ztxbr.jpeg;http://img6a.flixcart.com/image/smart-band-tag/p/g/p/9020-xaomi-40x40-imae86bnvh9ztxbr.jpeg;http://img5a.flixcart.com/image/smart-band-tag/p/g/p/9020-xaomi-1100x1100-imae86bnvh9ztxbr.jpeg;http://img5a.flixcart.com/image/smart-band-tag/p/g/p/9020-xaomi-100x100-imae86bnvh9ztxbr.jpeg;http://img5a.flixcart.com/image/smart-band-tag/p/g/p/9020-xaomi-200x200-imae86bnvh9ztxbr.jpeg;http://img5a.flixcart.com/image/smart-band-tag/p/g/p/9020-xaomi-original-imae86bnvh9ztxbr.jpeg;,999.0,999.0,http://dl.flipkart.com/dl/mi-band/p/itme86bfkxhzqcbv?pid=SBNE86BFAZT6GPGP&affid=mohindhar,Wearable Smart Devices>Smart Bands,Mi,,false,true,,,0,0,,[Black],,[],,
SBNE9SVNKZW4ABMB,GOQii Premium JC-039,,http://img5a.flixcart.com/image/smart-band-tag/b/m/b/gq12d-goqii-400x400-imae9swk9dggxnr2.jpeg;http://img6a.flixcart.com/image/smart-band-tag/b/m/b/gq12d-goqii-275x275-imae9swk9dggxnr2.jpeg;http://img6a.flixcart.com/image/smart-band-tag/b/m/b/gq12d-goqii-75x75-imae9swk9dggxnr2.jpeg;http://img5a.flixcart.com/image/smart-band-tag/b/m/b/gq12d-goqii-125x125-imae9swk9dggxnr2.jpeg;http://img6a.flixcart.com/image/smart-band-tag/b/m/b/gq12d-goqii-40x40-imae9swk9dggxnr2.jpeg;http://img6a.flixcart.com/image/smart-band-tag/b/m/b/gq12d-goqii-1100x1100-imae9swk9dggxnr2.jpeg;http://img5a.flixcart.com/image/smart-band-tag/b/m/b/gq12d-goqii-original-imae9swk9dggxnr2.jpeg;http://img6a.flixcart.com/image/smart-band-tag/b/m/b/gq12d-goqii-100x100-imae9swk9dggxnr2.jpeg;http://img6a.flixcart.com/image/smart-band-tag/b/m/b/gq12d-goqii-200x200-imae9swk9dggxnr2.jpeg;,11999.0,4799.0,http://dl.flipkart.com/dl/goqii-premium-jc-039/p/itme9sweunsntdd6?pid=SBNE9SVNKZW4ABMB&affid=mohindhar,Wearable Smart Devices>Smart Bands,GOQii,,true,true,,,60,0,,Persistent Red & Black,,[],,
SBNE94PQPDZBG8NV,Razer Nabu X,"The Razer Nabu X offers a no-screen, no-fuss notification interface, meaning you keep your head up and in the game at all times. It simply vibrates when you get an incoming alert from your phone, and the LEDs light up in customizable colors.",http://img5a.flixcart.com/image/smart-band-tag/8/n/v/rz15-01290100-r3u1-razer-400x400-imae94hgdghudjfu.jpeg;http://img6a.flixcart.com/image/smart-band-tag/8/n/v/rz15-01290100-r3u1-razer-275x275-imae94hgdghudjfu.jpeg;http://img6a.flixcart.com/image/smart-band-tag/8/n/v/rz15-01290100-r3u1-razer-75x75-imae94hgdghudjfu.jpeg;http://img6a.flixcart.com/image/smart-band-tag/8/n/v/rz15-01290100-r3u1-razer-125x125-imae94hgdghudjfu.jpeg;http://img6a.flixcart.com/image/smart-band-tag/8/n/v/rz15-01290100-r3u1-razer-original-imae94hgdghudjfu.jpeg;http://img6a.flixcart.com/image/smart-band-tag/8/n/v/rz15-01290100-r3u1-razer-40x40-imae94hgdghudjfu.jpeg;http://img5a.flixcart.com/image/smart-band-tag/8/n/v/rz15-01290100-r3u1-razer-1100x1100-imae94hgdghudjfu.jpeg;http://img5a.flixcart.com/image/smart-band-tag/8/n/v/rz15-01290100-r3u1-razer-100x100-imae94hgdghudjfu.jpeg;http://img5a.flixcart.com/image/smart-band-tag/8/n/v/rz15-01290100-r3u1-razer-200x200-imae94hgdghudjfu.jpeg;,4999.0,4990.0,http://dl.flipkart.com/dl/razer-nabu-x/p/itme94pqhz4pb5zm?pid=SBNE94PQPDZBG8NV&affid=mohindhar,Wearable Smart Devices>Smart Bands,Razer,,true,true,,,0,0,,Black,,[],,
SBNE9WKPMHBSFCR2,Kingshen Best Quality Smart Band,"Product DescriptionAccurately track all day stats like steps taken, distance traveled, calories burned, stairs, climbed, and active minutes.Monitor your sleep auto matically and wake with a silent alarm.See daily stats, time of day, and exercise mode wity a bright OLED display.Get call notifications right on your wrist.Access real-time run stats like time, distance, and pace to stay on track.Sync stats wirelessly and automatically to your computer and over 120 leading smartphones.",http://img5a.flixcart.com/image/smart-band-tag/c/r/2/e02-kingshen-400x400-imae9rvhqhdxdgcg.jpeg;http://img5a.flixcart.com/image/smart-band-tag/c/r/2/e02-kingshen-original-imae9rvhqhdxdgcg.jpeg;http://img5a.flixcart.com/image/smart-band-tag/c/r/2/e02-kingshen-275x275-imae9rvhqhdxdgcg.jpeg;http://img6a.flixcart.com/image/smart-band-tag/c/r/2/e02-kingshen-75x75-imae9rvhqhdxdgcg.jpeg;http://img6a.flixcart.com/image/smart-band-tag/c/r/2/e02-kingshen-125x125-imae9rvhqhdxdgcg.jpeg;http://img5a.flixcart.com/image/smart-band-tag/c/r/2/e02-kingshen-40x40-imae9rvhqhdxdgcg.jpeg;http://img5a.flixcart.com/image/smart-band-tag/c/r/2/e02-kingshen-1100x1100-imae9rvhqhdxdgcg.jpeg;http://img5a.flixcart.com/image/smart-band-tag/c/r/2/e02-kingshen-100x100-imae9rvhqhdxdgcg.jpeg;http://img5a.flixcart.com/image/smart-band-tag/c/r/2/e02-kingshen-200x200-imae9rvhqhdxdgcg.jpeg;,7999.0,2799.0,http://dl.flipkart.com/dl/kingshen-best-quality-smart-band/p/itme9nsggc35sm4b?pid=SBNE9WKPMHBSFCR2&affid=mohindhar,Wearable Smart Devices>Smart Bands,Kingshen,,false,true,,,65,0,,Pink,,"[SBNE9NSGPYG5RXYM, SBNE9UPQ5D3F6T9V, SBNE9WKPNAXSSHXP, SBNE9ZWAEKUY7ZJX]",,
SBNE9WKPNAXSSHXP,Kingshen Premium Quality,"Product DescriptionAccurately track all day stats like steps taken, distance traveled, calories burned, stairs, climbed, and active minutes.Monitor your sleep auto matically and wake with a silent alarm.See daily stats, time of day, and exercise mode wity a bright OLED display.Get call notifications right on your wrist.Access real-time run stats like time, distance, and pace to stay on track.Sync stats wirelessly and automatically to your computer and over 120 leading smartphones.",http://img5a.flixcart.com/image/smart-band-tag/h/x/p/e02-kingshen-400x400-imae9qws6svdkd8z.jpeg;http://img6a.flixcart.com/image/smart-band-tag/h/x/p/e02-kingshen-original-imae9qws6svdkd8z.jpeg;http://img5a.flixcart.com/image/smart-band-tag/h/x/p/e02-kingshen-75x75-imae9qws6svdkd8z.jpeg;http://img5a.flixcart.com/image/smart-band-tag/h/x/p/e02-kingshen-275x275-imae9qws6svdkd8z.jpeg;http://img6a.flixcart.com/image/smart-band-tag/h/x/p/e02-kingshen-125x125-imae9qws6svdkd8z.jpeg;http://img5a.flixcart.com/image/smart-band-tag/h/x/p/e02-kingshen-40x40-imae9qws6svdkd8z.jpeg;http://img5a.flixcart.com/image/smart-band-tag/h/x/p/e02-kingshen-1100x1100-imae9qws6svdkd8z.jpeg;http://img5a.flixcart.com/image/smart-band-tag/h/x/p/e02-kingshen-100x100-imae9qws6svdkd8z.jpeg;http://img5a.flixcart.com/image/smart-band-tag/h/x/p/e02-kingshen-200x200-imae9qws6svdkd8z.jpeg;,7999.0,2699.0,http://dl.flipkart.com/dl/kingshen-premium-quality/p/itme9nsggc35sm4b?pid=SBNE9WKPNAXSSHXP&affid=mohindhar,Wearable Smart Devices>Smart Bands,Kingshen,,false,true,,,66,0,,Green,,"[SBNE9NSGPYG5RXYM, SBNE9UPQ5D3F6T9V, SBNE9WKPMHBSFCR2, SBNE9ZWAEKUY7ZJX]",,
SBNE9SVNKXDT4MHR,GOQii Premium JC-039,,http://img6a.flixcart.com/image/smart-band-tag/m/h/r/gq6b-goqii-400x400-imae9swka6qq8hrz.jpeg;http://img6a.flixcart.com/image/smart-band-tag/m/h/r/gq6b-goqii-275x275-imae9swka6qq8hrz.jpeg;http://img6a.flixcart.com/image/smart-band-tag/m/h/r/gq6b-goqii-75x75-imae9swka6qq8hrz.jpeg;http://img5a.flixcart.com/image/smart-band-tag/m/h/r/gq6b-goqii-125x125-imae9swka6qq8hrz.jpeg;http://img5a.flixcart.com/image/smart-band-tag/m/h/r/gq6b-goqii-40x40-imae9swka6qq8hrz.jpeg;http://img6a.flixcart.com/image/smart-band-tag/m/h/r/gq6b-goqii-1100x1100-imae9swka6qq8hrz.jpeg;http://img5a.flixcart.com/image/smart-band-tag/m/h/r/gq6b-goqii-100x100-imae9swka6qq8hrz.jpeg;http://img6a.flixcart.com/image/smart-band-tag/m/h/r/gq6b-goqii-original-imae9swka6qq8hrz.jpeg;http://img5a.flixcart.com/image/smart-band-tag/m/h/r/gq6b-goqii-200x200-imae9swka6qq8hrz.jpeg;,6999.0,3499.0,http://dl.flipkart.com/dl/goqii-premium-jc-039/p/itme9swedmvjsgph?pid=SBNE9SVNKXDT4MHR&affid=mohindhar,Wearable Smart Devices>Smart Bands,GOQii,,true,true,,,50,0,,Power Black,,[],,
SBNE9SVNBPZDEHW3,GOQii Premium JC-039,,http://img6a.flixcart.com/image/smart-band-tag/h/w/3/gq12b-goqii-400x400-imae9swkukh2qkve.jpeg;http://img6a.flixcart.com/image/smart-band-tag/h/w/3/gq12b-goqii-75x75-imae9swkukh2qkve.jpeg;http://img5a.flixcart.com/image/smart-band-tag/h/w/3/gq12b-goqii-275x275-imae9swkukh2qkve.jpeg;http://img6a.flixcart.com/image/smart-band-tag/h/w/3/gq12b-goqii-125x125-imae9swkukh2qkve.jpeg;http://img5a.flixcart.com/image/smart-band-tag/h/w/3/gq12b-goqii-40x40-imae9swkukh2qkve.jpeg;http://img6a.flixcart.com/image/smart-band-tag/h/w/3/gq12b-goqii-1100x1100-imae9swkukh2qkve.jpeg;http://img6a.flixcart.com/image/smart-band-tag/h/w/3/gq12b-goqii-original-imae9swkukh2qkve.jpeg;http://img5a.flixcart.com/image/smart-band-tag/h/w/3/gq12b-goqii-100x100-imae9swkukh2qkve.jpeg;http://img5a.flixcart.com/image/smart-band-tag/h/w/3/gq12b-goqii-200x200-imae9swkukh2qkve.jpeg;,11999.0,4799.0,http://dl.flipkart.com/dl/goqii-premium-jc-039/p/itme9swevzzugarx?pid=SBNE9SVNBPZDEHW3&affid=mohindhar,Wearable Smart Devices>Smart Bands,GOQii,,true,true,,,60,0,,Power Black,,[],,
SBNE9UPQ5D3F6T9V,Kingshen High Quality,"Product DescriptionAccurately track all day stats like steps taken, distance traveled, calories burned, stairs, climbed, and active minutes.Monitor your sleep auto matically and wake with a silent alarm.See daily stats, time of day, and exercise mode wity a bright OLED display.Get call notifications right on your wrist.Access real-time run stats like time, distance, and pace to stay on track.Sync stats wirelessly and automatically to your computer and over 120 leading smartphones.",http://img5a.flixcart.com/image/smart-band-tag/t/9/v/e02-kingshen-400x400-imae9qwsykxf5h76.jpeg;http://img5a.flixcart.com/image/smart-band-tag/t/9/v/e02-kingshen-275x275-imae9qwsykxf5h76.jpeg;http://img5a.flixcart.com/image/smart-band-tag/t/9/v/e02-kingshen-75x75-imae9qwsykxf5h76.jpeg;http://img5a.flixcart.com/image/smart-band-tag/t/9/v/e02-kingshen-125x125-imae9qwsykxf5h76.jpeg;http://img6a.flixcart.com/image/smart-band-tag/t/9/v/e02-kingshen-40x40-imae9qwsykxf5h76.jpeg;http://img5a.flixcart.com/image/smart-band-tag/t/9/v/e02-kingshen-1100x1100-imae9qwsykxf5h76.jpeg;http://img6a.flixcart.com/image/smart-band-tag/t/9/v/e02-kingshen-100x100-imae9qwsykxf5h76.jpeg;http://img6a.flixcart.com/image/smart-band-tag/t/9/v/e02-kingshen-200x200-imae9qwsykxf5h76.jpeg;http://img5a.flixcart.com/image/smart-band-tag/t/9/v/e02-kingshen-original-imae9qwsykxf5h76.jpeg;,4500.0,2699.0,http://dl.flipkart.com/dl/kingshen-high-quality/p/itme9nsggc35sm4b?pid=SBNE9UPQ5D3F6T9V&affid=mohindhar,Wearable Smart Devices>Smart Bands,Kingshen,,false,true,,,40,0,,"Black, Blue, Green, Orange, Pink",,"[SBNE9NSGPYG5RXYM, SBNE9WKPMHBSFCR2, SBNE9WKPNAXSSHXP, SBNE9ZWAEKUY7ZJX]",,
SBNE9SVNDTA5N22G,GOQii Premium JC-039,,http://img5a.flixcart.com/image/smart-band-tag/b/m/b/gq12d-goqii-400x400-imae9swk9dggxnr2.jpeg;http://img6a.flixcart.com/image/smart-band-tag/b/m/b/gq12d-goqii-75x75-imae9swk9dggxnr2.jpeg;http://img6a.flixcart.com/image/smart-band-tag/b/m/b/gq12d-goqii-275x275-imae9swk9dggxnr2.jpeg;http://img5a.flixcart.com/image/smart-band-tag/b/m/b/gq12d-goqii-125x125-imae9swk9dggxnr2.jpeg;http://img6a.flixcart.com/image/smart-band-tag/b/m/b/gq12d-goqii-40x40-imae9swk9dggxnr2.jpeg;http://img5a.flixcart.com/image/smart-band-tag/b/m/b/gq12d-goqii-original-imae9swk9dggxnr2.jpeg;http://img6a.flixcart.com/image/smart-band-tag/b/m/b/gq12d-goqii-1100x1100-imae9swk9dggxnr2.jpeg;http://img6a.flixcart.com/image/smart-band-tag/b/m/b/gq12d-goqii-100x100-imae9swk9dggxnr2.jpeg;http://img6a.flixcart.com/image/smart-band-tag/b/m/b/gq12d-goqii-200x200-imae9swk9dggxnr2.jpeg;,6999.0,3499.0,http://dl.flipkart.com/dl/goqii-premium-jc-039/p/itme9swezwgzhgug?pid=SBNE9SVNDTA5N22G&affid=mohindhar,Wearable Smart Devices>Smart Bands,GOQii,,true,true,,,50,0,,Persistent Red & Black,,[],,
SBNE9SVNKZVFYVEF,GOQii Premium JC-039,,http://img5a.flixcart.com/image/smart-band-tag/b/m/b/gq12d-goqii-400x400-imae9swk9dggxnr2.jpeg;http://img6a.flixcart.com/image/smart-band-tag/b/m/b/gq12d-goqii-75x75-imae9swk9dggxnr2.jpeg;http://img6a.flixcart.com/image/smart-band-tag/b/m/b/gq12d-goqii-275x275-imae9swk9dggxnr2.jpeg;http://img5a.flixcart.com/image/smart-band-tag/b/m/b/gq12d-goqii-125x125-imae9swk9dggxnr2.jpeg;http://img6a.flixcart.com/image/smart-band-tag/b/m/b/gq12d-goqii-40x40-imae9swk9dggxnr2.jpeg;http://img5a.flixcart.com/image/smart-band-tag/b/m/b/gq12d-goqii-original-imae9swk9dggxnr2.jpeg;http://img6a.flixcart.com/image/smart-band-tag/b/m/b/gq12d-goqii-1100x1100-imae9swk9dggxnr2.jpeg;http://img6a.flixcart.com/image/smart-band-tag/b/m/b/gq12d-goqii-100x100-imae9swk9dggxnr2.jpeg;http://img6a.flixcart.com/image/smart-band-tag/b/m/b/gq12d-goqii-200x200-imae9swk9dggxnr2.jpeg;,3999.0,2399.0,http://dl.flipkart.com/dl/goqii-premium-jc-039/p/itme9sw7zvdh6rrh?pid=SBNE9SVNKZVFYVEF&affid=mohindhar,Wearable Smart Devices>Smart Bands,GOQii,,true,true,,,40,0,,Persistent Red & Black,,[],,
SBNEA8KZ5YGHTWU2,Garmin Vivofit 2 Active Tracker,,http://img6a.flixcart.com/image/smart-band-tag/w/u/2/010-01503-00-garmin-400x400-imaea7dc7ekxguve.jpeg;http://img5a.flixcart.com/image/smart-band-tag/w/u/2/010-01503-00-garmin-275x275-imaea7dc7ekxguve.jpeg;http://img5a.flixcart.com/image/smart-band-tag/w/u/2/010-01503-00-garmin-75x75-imaea7dc7ekxguve.jpeg;http://img5a.flixcart.com/image/smart-band-tag/w/u/2/010-01503-00-garmin-original-imaea7dc7ekxguve.jpeg;http://img6a.flixcart.com/image/smart-band-tag/w/u/2/010-01503-00-garmin-125x125-imaea7dc7ekxguve.jpeg;http://img6a.flixcart.com/image/smart-band-tag/w/u/2/010-01503-00-garmin-40x40-imaea7dc7ekxguve.jpeg;http://img5a.flixcart.com/image/smart-band-tag/w/u/2/010-01503-00-garmin-1100x1100-imaea7dc7ekxguve.jpeg;http://img6a.flixcart.com/image/smart-band-tag/w/u/2/010-01503-00-garmin-100x100-imaea7dc7ekxguve.jpeg;http://img6a.flixcart.com/image/smart-band-tag/w/u/2/010-01503-00-garmin-200x200-imaea7dc7ekxguve.jpeg;,7999.0,5890.0,http://dl.flipkart.com/dl/garmin-vivofit-2-active-tracker/p/itmea8kz86g2zy2t?pid=SBNEA8KZ5YGHTWU2&affid=mohindhar,Wearable Smart Devices>Smart Bands,Garmin,,false,true,,,26,0,,Black,,[],,
SBNEA8MPVVMGGNJW,Garmin Garmin Vivofit 2 Activity Tracker,,http://img6a.flixcart.com/image/smart-band-tag/n/j/w/010-01503-02-garmin-400x400-imaea8gg9bmmbcfx.jpeg;http://img5a.flixcart.com/image/smart-band-tag/n/j/w/010-01503-02-garmin-75x75-imaea8gg9bmmbcfx.jpeg;http://img5a.flixcart.com/image/smart-band-tag/n/j/w/010-01503-02-garmin-275x275-imaea8gg9bmmbcfx.jpeg;http://img6a.flixcart.com/image/smart-band-tag/n/j/w/010-01503-02-garmin-125x125-imaea8gg9bmmbcfx.jpeg;http://img6a.flixcart.com/image/smart-band-tag/n/j/w/010-01503-02-garmin-40x40-imaea8gg9bmmbcfx.jpeg;http://img6a.flixcart.com/image/smart-band-tag/n/j/w/010-01503-02-garmin-1100x1100-imaea8gg9bmmbcfx.jpeg;http://img5a.flixcart.com/image/smart-band-tag/n/j/w/010-01503-02-garmin-100x100-imaea8gg9bmmbcfx.jpeg;http://img6a.flixcart.com/image/smart-band-tag/n/j/w/010-01503-02-garmin-200x200-imaea8gg9bmmbcfx.jpeg;http://img6a.flixcart.com/image/smart-band-tag/n/j/w/010-01503-02-garmin-original-imaea8gg9bmmbcfx.jpeg;,7999.0,5890.0,http://dl.flipkart.com/dl/garmin-vivofit-2-activity-tracker/p/itmea8mpxha4rt6t?pid=SBNEA8MPVVMGGNJW&affid=mohindhar,Wearable Smart Devices>Smart Bands,Garmin,,false,true,,,26,0,,Navy,,[],,
SBNE9SVNRPYSDBJJ,GOQii Premium JC-039,,http://img5a.flixcart.com/image/smart-band-tag/b/j/j/gq3b-goqii-400x400-imae9swkenyzreem.jpeg;http://img6a.flixcart.com/image/smart-band-tag/b/j/j/gq3b-goqii-275x275-imae9swkenyzreem.jpeg;http://img5a.flixcart.com/image/smart-band-tag/b/j/j/gq3b-goqii-75x75-imae9swkenyzreem.jpeg;http://img6a.flixcart.com/image/smart-band-tag/b/j/j/gq3b-goqii-125x125-imae9swkenyzreem.jpeg;http://img5a.flixcart.com/image/smart-band-tag/b/j/j/gq3b-goqii-40x40-imae9swkenyzreem.jpeg;http://img5a.flixcart.com/image/smart-band-tag/b/j/j/gq3b-goqii-1100x1100-imae9swkenyzreem.jpeg;http://img6a.flixcart.com/image/smart-band-tag/b/j/j/gq3b-goqii-100x100-imae9swkenyzreem.jpeg;http://img5a.flixcart.com/image/smart-band-tag/b/j/j/gq3b-goqii-original-imae9swkenyzreem.jpeg;http://img5a.flixcart.com/image/smart-band-tag/b/j/j/gq3b-goqii-200x200-imae9swkenyzreem.jpeg;,3999.0,2399.0,http://dl.flipkart.com/dl/goqii-premium-jc-039/p/itme9swec64mspxm?pid=SBNE9SVNRPYSDBJJ&affid=mohindhar,Wearable Smart Devices>Smart Bands,GOQii,,true,true,,,40,0,,Power Black,,[],,
BLHEA25AD44ZCUVZ,Mobilegear Bluetooth Hat,"Wanna get rid of your wired Headphones ???? But How.....Mobilegear here presents a Beanie Cap which connects via your Phone's Bluetooth & thus allows you to have hands free call while doing absolutely anything.Get the Warm and Fuzzy Feeling Made from high quality knitted material which also works a Bluetooth device.Just add a style statement to your wardrobe with this beanie Cap.Key Features:﻿V3.0+EDR Bluetooth version, available for most of devices with Bluetooth function.Built-in microphone allows you to listen to music & talk and hands-free answering while doing variety of other activities.Built-in Li-ion chargeable battery, charge via USB cable, long stand-by time.Elastic knitted material, warm, soft and stylish design.Headphone can be taken off so that you can wash the hat.Perfect for traveling, waiting for the bus, jogging in the cold or just rocking out in your bedroom.General Specifications:﻿Package Content: 1 USB Cable and Bluetooth Headset Cap.Bluetooth version: V3.0+EDRFrequency: 2.4026GHz-2.480GHzTransmission distance: 10M / 32.80ftTransmission distance of Mic: ≤1M / 3.28ftLi-ion Battery: 3.7V/100mA Charging time: 2 hoursCharging voltage: DC 5VContinuous working time: about 3.5 hoursWeight: 87 g .",http://img6a.flixcart.com/image/bluetooth-hat/u/v/z/cap-shape-bluetooth-headset-mobilegear-black-regular-400x400-imae9qyvhp8thhzr.jpeg;http://img5a.flixcart.com/image/bluetooth-hat/u/v/z/cap-shape-bluetooth-headset-mobilegear-black-regular-75x75-imae9qyvhp8thhzr.jpeg;http://img6a.flixcart.com/image/bluetooth-hat/u/v/z/cap-shape-bluetooth-headset-mobilegear-black-regular-275x275-imae9qyvhp8thhzr.jpeg;http://img5a.flixcart.com/image/bluetooth-hat/u/v/z/cap-shape-bluetooth-headset-mobilegear-black-regular-125x125-imae9qyvhp8thhzr.jpeg;http://img6a.flixcart.com/image/bluetooth-hat/u/v/z/cap-shape-bluetooth-headset-mobilegear-black-regular-40x40-imae9qyvhp8thhzr.jpeg;http://img6a.flixcart.com/image/bluetooth-hat/u/v/z/cap-shape-bluetooth-headset-mobilegear-black-regular-1100x1100-imae9qyvhp8thhzr.jpeg;http://img6a.flixcart.com/image/bluetooth-hat/u/v/z/cap-shape-bluetooth-headset-mobilegear-black-regular-100x100-imae9qyvhp8thhzr.jpeg;http://img6a.flixcart.com/image/bluetooth-hat/u/v/z/cap-shape-bluetooth-headset-mobilegear-black-regular-200x200-imae9qyvhp8thhzr.jpeg;http://img6a.flixcart.com/image/bluetooth-hat/u/v/z/cap-shape-bluetooth-headset-mobilegear-black-regular-original-imae9qyvhp8thhzr.jpeg;,1999.0,1449.0,http://dl.flipkart.com/dl/mobilegear-bluetooth-hat/p/itmea25aqcmfcmrz?pid=BLHEA25AD44ZCUVZ&affid=mohindhar,Wearable Smart Devices>Bluetooth Hats,Mobilegear,,true,true,,,27,0,,[Black],Regular,[],,
BLHE8ZGPBVDHFFAY,Dragon Bluetooth Hat,,http://img5a.flixcart.com/image/bluetooth-hat/f/a/y/bluetooth-hat-for-iphone-ipod-ipad-and-smartphone-dragon-grey-400x400-imae8z9tnfdrdhkv.jpeg;http://img5a.flixcart.com/image/bluetooth-hat/f/a/y/bluetooth-hat-for-iphone-ipod-ipad-and-smartphone-dragon-grey-original-imae8z9tnfdrdhkv.jpeg;http://img5a.flixcart.com/image/bluetooth-hat/f/a/y/bluetooth-hat-for-iphone-ipod-ipad-and-smartphone-dragon-grey-275x275-imae8z9tnfdrdhkv.jpeg;http://img6a.flixcart.com/image/bluetooth-hat/f/a/y/bluetooth-hat-for-iphone-ipod-ipad-and-smartphone-dragon-grey-75x75-imae8z9tnfdrdhkv.jpeg;http://img6a.flixcart.com/image/bluetooth-hat/f/a/y/bluetooth-hat-for-iphone-ipod-ipad-and-smartphone-dragon-grey-125x125-imae8z9tnfdrdhkv.jpeg;http://img6a.flixcart.com/image/bluetooth-hat/f/a/y/bluetooth-hat-for-iphone-ipod-ipad-and-smartphone-dragon-grey-40x40-imae8z9tnfdrdhkv.jpeg;http://img5a.flixcart.com/image/bluetooth-hat/f/a/y/bluetooth-hat-for-iphone-ipod-ipad-and-smartphone-dragon-grey-1100x1100-imae8z9tnfdrdhkv.jpeg;http://img5a.flixcart.com/image/bluetooth-hat/f/a/y/bluetooth-hat-for-iphone-ipod-ipad-and-smartphone-dragon-grey-100x100-imae8z9tnfdrdhkv.jpeg;http://img6a.flixcart.com/image/bluetooth-hat/f/a/y/bluetooth-hat-for-iphone-ipod-ipad-and-smartphone-dragon-grey-200x200-imae8z9tnfdrdhkv.jpeg;,1459.0,999.0,http://dl.flipkart.com/dl/dragon-bluetooth-hat/p/itme75qchr2grwee?pid=BLHE8ZGPBVDHFFAY&affid=mohindhar,Wearable Smart Devices>Bluetooth Hats,Dragon,,false,true,,,31,0,,[Grey],Regular,"[BLHE75QCGTGS8476, BLHE92NUVUE8SAAF, BLHE938SY6V3ABZZ]",,
BLHE75QCGTGS8476,Dragon Bluetooth Hat,,http://img5a.flixcart.com/image/bluetooth-hat/4/7/6/bluetooth-hat-for-iphone-ipod-ipad-and-smartphone-dragon-black-400x400-imae74hbbfazmkwm.jpeg;http://img5a.flixcart.com/image/bluetooth-hat/4/7/6/bluetooth-hat-for-iphone-ipod-ipad-and-smartphone-dragon-black-75x75-imae74hbbfazmkwm.jpeg;http://img6a.flixcart.com/image/bluetooth-hat/4/7/6/bluetooth-hat-for-iphone-ipod-ipad-and-smartphone-dragon-black-275x275-imae74hbbfazmkwm.jpeg;http://img6a.flixcart.com/image/bluetooth-hat/4/7/6/bluetooth-hat-for-iphone-ipod-ipad-and-smartphone-dragon-black-125x125-imae74hbbfazmkwm.jpeg;http://img6a.flixcart.com/image/bluetooth-hat/4/7/6/bluetooth-hat-for-iphone-ipod-ipad-and-smartphone-dragon-black-original-imae74hbbfazmkwm.jpeg;http://img6a.flixcart.com/image/bluetooth-hat/4/7/6/bluetooth-hat-for-iphone-ipod-ipad-and-smartphone-dragon-black-40x40-imae74hbbfazmkwm.jpeg;http://img5a.flixcart.com/image/bluetooth-hat/4/7/6/bluetooth-hat-for-iphone-ipod-ipad-and-smartphone-dragon-black-1100x1100-imae74hbbfazmkwm.jpeg;http://img6a.flixcart.com/image/bluetooth-hat/4/7/6/bluetooth-hat-for-iphone-ipod-ipad-and-smartphone-dragon-black-100x100-imae74hbbfazmkwm.jpeg;http://img6a.flixcart.com/image/bluetooth-hat/4/7/6/bluetooth-hat-for-iphone-ipod-ipad-and-smartphone-dragon-black-200x200-imae74hbbfazmkwm.jpeg;,4500.0,999.0,http://dl.flipkart.com/dl/dragon-bluetooth-hat/p/itme75qchr2grwee?pid=BLHE75QCGTGS8476&affid=mohindhar,Wearable Smart Devices>Bluetooth Hats,Dragon,,false,true,,,77,0,,[Black],Regular,"[BLHE8ZGPBVDHFFAY, BLHE92NUVUE8SAAF, BLHE938SY6V3ABZZ]",,
BLHE92NUVUE8SAAF,Dragon Bluetooth Hat,,http://img6a.flixcart.com/image/bluetooth-hat/a/a/f/bluetooth-hat-for-iphone-ipod-ipad-and-smartphone-dragon-white-400x400-imae8zaa6cwgvcfs.jpeg;http://img5a.flixcart.com/image/bluetooth-hat/a/a/f/bluetooth-hat-for-iphone-ipod-ipad-and-smartphone-dragon-white-original-imae8zaa6cwgvcfs.jpeg;http://img6a.flixcart.com/image/bluetooth-hat/a/a/f/bluetooth-hat-for-iphone-ipod-ipad-and-smartphone-dragon-white-75x75-imae8zaa6cwgvcfs.jpeg;http://img6a.flixcart.com/image/bluetooth-hat/a/a/f/bluetooth-hat-for-iphone-ipod-ipad-and-smartphone-dragon-white-275x275-imae8zaa6cwgvcfs.jpeg;http://img5a.flixcart.com/image/bluetooth-hat/a/a/f/bluetooth-hat-for-iphone-ipod-ipad-and-smartphone-dragon-white-125x125-imae8zaa6cwgvcfs.jpeg;http://img6a.flixcart.com/image/bluetooth-hat/a/a/f/bluetooth-hat-for-iphone-ipod-ipad-and-smartphone-dragon-white-40x40-imae8zaa6cwgvcfs.jpeg;http://img5a.flixcart.com/image/bluetooth-hat/a/a/f/bluetooth-hat-for-iphone-ipod-ipad-and-smartphone-dragon-white-1100x1100-imae8zaa6cwgvcfs.jpeg;http://img6a.flixcart.com/image/bluetooth-hat/a/a/f/bluetooth-hat-for-iphone-ipod-ipad-and-smartphone-dragon-white-100x100-imae8zaa6cwgvcfs.jpeg;http://img5a.flixcart.com/image/bluetooth-hat/a/a/f/bluetooth-hat-for-iphone-ipod-ipad-and-smartphone-dragon-white-200x200-imae8zaa6cwgvcfs.jpeg;,999.0,999.0,http://dl.flipkart.com/dl/dragon-bluetooth-hat/p/itme75qchr2grwee?pid=BLHE92NUVUE8SAAF&affid=mohindhar,Wearable Smart Devices>Bluetooth Hats,Dragon,,false,true,,,0,0,,[White],Regular,"[BLHE75QCGTGS8476, BLHE8ZGPBVDHFFAY, BLHE938SY6V3ABZZ]",,
BLHE938SY6V3ABZZ,Dragon Bluetooth Hat,,http://img6a.flixcart.com/image/bluetooth-hat/b/z/z/bluetooth-hat-for-iphone-ipod-ipad-and-smartphone-dragon-red-400x400-imae8za5scgcjyyh.jpeg;http://img6a.flixcart.com/image/bluetooth-hat/b/z/z/bluetooth-hat-for-iphone-ipod-ipad-and-smartphone-dragon-red-original-imae8za5scgcjyyh.jpeg;http://img5a.flixcart.com/image/bluetooth-hat/b/z/z/bluetooth-hat-for-iphone-ipod-ipad-and-smartphone-dragon-red-75x75-imae8za5scgcjyyh.jpeg;http://img6a.flixcart.com/image/bluetooth-hat/b/z/z/bluetooth-hat-for-iphone-ipod-ipad-and-smartphone-dragon-red-275x275-imae8za5scgcjyyh.jpeg;http://img6a.flixcart.com/image/bluetooth-hat/b/z/z/bluetooth-hat-for-iphone-ipod-ipad-and-smartphone-dragon-red-125x125-imae8za5scgcjyyh.jpeg;http://img6a.flixcart.com/image/bluetooth-hat/b/z/z/bluetooth-hat-for-iphone-ipod-ipad-and-smartphone-dragon-red-40x40-imae8za5scgcjyyh.jpeg;http://img6a.flixcart.com/image/bluetooth-hat/b/z/z/bluetooth-hat-for-iphone-ipod-ipad-and-smartphone-dragon-red-1100x1100-imae8za5scgcjyyh.jpeg;http://img6a.flixcart.com/image/bluetooth-hat/b/z/z/bluetooth-hat-for-iphone-ipod-ipad-and-smartphone-dragon-red-100x100-imae8za5scgcjyyh.jpeg;http://img6a.flixcart.com/image/bluetooth-hat/b/z/z/bluetooth-hat-for-iphone-ipod-ipad-and-smartphone-dragon-red-200x200-imae8za5scgcjyyh.jpeg;,2999.0,999.0,http://dl.flipkart.com/dl/dragon-bluetooth-hat/p/itme75qchr2grwee?pid=BLHE938SY6V3ABZZ&affid=mohindhar,Wearable Smart Devices>Bluetooth Hats,Dragon,,false,true,,,66,0,,[Pink],Regular,"[BLHE75QCGTGS8476, BLHE8ZGPBVDHFFAY, BLHE92NUVUE8SAAF]",,
BLHE6TJTT8APGBFE,Smiledrive Bluetooth Hat,"You can listen to your favourite tracks now through your skull cap/hat. Wear this warm and cozy cap and enjoy the music wirelessly by pairing it with your mobile phone.Features:V3.0+EDR Bluetooth version, available for most of devices with Bluetooth functionProtects you from cold winter and will also allow you to listen to music and talk while doing variety of other activitiesBuilt-in microphone, available for cell phone to transmit the speaking phone to your audio devices directly, hands-free answeringYou will look great and keep warm while listening to your favorite music. Keep the sound track to your life playing all the timePerfect for traveling, waiting for the bus, jogging in the cold or just rocking out in your bedroomBluetooth version: V3.0+EDRFrequency: 2.4026GHz-2.480GHzTransmission distance: 10M / 32.80ft Transmission distance of Mic: ≤1M / 3.28ftLi-ion Battery: 3.7V/100mA Charging time: 2 hours Charging voltage: DC 5V",http://img6a.flixcart.com/image/bluetooth-hat/b/f/e/wireless-stereo-warm-skull-cap-hat-a-skull-cap-that-plays-music-400x400-imae6tf5mythbcax.jpeg;http://img5a.flixcart.com/image/bluetooth-hat/b/f/e/wireless-stereo-warm-skull-cap-hat-a-skull-cap-that-plays-music-275x275-imae6tf5mythbcax.jpeg;http://img5a.flixcart.com/image/bluetooth-hat/b/f/e/wireless-stereo-warm-skull-cap-hat-a-skull-cap-that-plays-music-75x75-imae6tf5mythbcax.jpeg;http://img6a.flixcart.com/image/bluetooth-hat/b/f/e/wireless-stereo-warm-skull-cap-hat-a-skull-cap-that-plays-music-125x125-imae6tf5mythbcax.jpeg;http://img5a.flixcart.com/image/bluetooth-hat/b/f/e/wireless-stereo-warm-skull-cap-hat-a-skull-cap-that-plays-music-40x40-imae6tf5mythbcax.jpeg;http://img6a.flixcart.com/image/bluetooth-hat/b/f/e/wireless-stereo-warm-skull-cap-hat-a-skull-cap-that-plays-music-original-imae6tf5mythbcax.jpeg;http://img6a.flixcart.com/image/bluetooth-hat/b/f/e/wireless-stereo-warm-skull-cap-hat-a-skull-cap-that-plays-music-1100x1100-imae6tf5mythbcax.jpeg;http://img5a.flixcart.com/image/bluetooth-hat/b/f/e/wireless-stereo-warm-skull-cap-hat-a-skull-cap-that-plays-music-100x100-imae6tf5mythbcax.jpeg;http://img6a.flixcart.com/image/bluetooth-hat/b/f/e/wireless-stereo-warm-skull-cap-hat-a-skull-cap-that-plays-music-200x200-imae6tf5mythbcax.jpeg;,1799.0,1499.0,http://dl.flipkart.com/dl/smiledrive-bluetooth-hat/p/itme6tjtthyccnn9?pid=BLHE6TJTT8APGBFE&affid=mohindhar,Wearable Smart Devices>Bluetooth Hats,Smiledrive,,false,true,,,16,0,,[Black],Regular,[],,
SBNE9FCUUGZDSWB6,Runtastic Orbit,,http://img5a.flixcart.com/image/smart-band-tag/w/b/6/orbit-runtastic-400x400-imae9b7y5wehb64a.jpeg;http://img5a.flixcart.com/image/smart-band-tag/w/b/6/orbit-runtastic-75x75-imae9b7y5wehb64a.jpeg;http://img5a.flixcart.com/image/smart-band-tag/w/b/6/orbit-runtastic-275x275-imae9b7y5wehb64a.jpeg;http://img6a.flixcart.com/image/smart-band-tag/w/b/6/orbit-runtastic-125x125-imae9b7y5wehb64a.jpeg;http://img6a.flixcart.com/image/smart-band-tag/w/b/6/orbit-runtastic-40x40-imae9b7y5wehb64a.jpeg;http://img6a.flixcart.com/image/smart-band-tag/w/b/6/orbit-runtastic-1100x1100-imae9b7y5wehb64a.jpeg;http://img6a.flixcart.com/image/smart-band-tag/w/b/6/orbit-runtastic-100x100-imae9b7y5wehb64a.jpeg;http://img6a.flixcart.com/image/smart-band-tag/w/b/6/orbit-runtastic-200x200-imae9b7y5wehb64a.jpeg;http://img6a.flixcart.com/image/smart-band-tag/w/b/6/orbit-runtastic-original-imae9b7y5wehb64a.jpeg;,5499.0,4999.0,http://dl.flipkart.com/dl/runtastic-orbit/p/itme9fcu8yxtgbyf?pid=SBNE9FCUUGZDSWB6&affid=mohindhar,Wearable Smart Devices>Smart Bands,Runtastic,,true,true,,,9,0,,Blue and Black,,[],,
SBNE8WSNWCGZ5GBH,Garmin Vivosmart (Large Size),,http://img5a.flixcart.com/image/smart-band-tag/g/b/h/vivosmart-large-size-garmin-400x400-imae8wt9bwz64wz2.jpeg;http://img6a.flixcart.com/image/smart-band-tag/g/b/h/vivosmart-large-size-garmin-75x75-imae8wt9bwz64wz2.jpeg;http://img6a.flixcart.com/image/smart-band-tag/g/b/h/vivosmart-large-size-garmin-275x275-imae8wt9bwz64wz2.jpeg;http://img5a.flixcart.com/image/smart-band-tag/g/b/h/vivosmart-large-size-garmin-125x125-imae8wt9bwz64wz2.jpeg;http://img5a.flixcart.com/image/smart-band-tag/g/b/h/vivosmart-large-size-garmin-original-imae8wt9bwz64wz2.jpeg;http://img5a.flixcart.com/image/smart-band-tag/g/b/h/vivosmart-large-size-garmin-40x40-imae8wt9bwz64wz2.jpeg;http://img5a.flixcart.com/image/smart-band-tag/g/b/h/vivosmart-large-size-garmin-1100x1100-imae8wt9bwz64wz2.jpeg;http://img6a.flixcart.com/image/smart-band-tag/g/b/h/vivosmart-large-size-garmin-100x100-imae8wt9bwz64wz2.jpeg;http://img6a.flixcart.com/image/smart-band-tag/g/b/h/vivosmart-large-size-garmin-200x200-imae8wt9bwz64wz2.jpeg;,11999.0,9980.0,http://dl.flipkart.com/dl/garmin-vivosmart-large-size/p/itme8wsnfwpyefsf?pid=SBNE8WSNWCGZ5GBH&affid=mohindhar,Wearable Smart Devices>Smart Bands,Garmin,,true,true,,,16,0,,Black,,"[SBNE8WSN78RTYP6Q, SBNE8WSN7FGGGRDT, SBNE8WSNK8CQX3BA, SBNE8WSNXUWFTA9N]",,
SBNE8WSNXUWFTA9N,Garmin Vivosmart (Large Size),,http://img5a.flixcart.com/image/smart-band-tag/a/9/n/vivosmart-large-size-garmin-400x400-imae8wt9ggedcsh3.jpeg;http://img5a.flixcart.com/image/smart-band-tag/a/9/n/vivosmart-large-size-garmin-275x275-imae8wt9ggedcsh3.jpeg;http://img5a.flixcart.com/image/smart-band-tag/a/9/n/vivosmart-large-size-garmin-75x75-imae8wt9ggedcsh3.jpeg;http://img5a.flixcart.com/image/smart-band-tag/a/9/n/vivosmart-large-size-garmin-125x125-imae8wt9ggedcsh3.jpeg;http://img5a.flixcart.com/image/smart-band-tag/a/9/n/vivosmart-large-size-garmin-40x40-imae8wt9ggedcsh3.jpeg;http://img6a.flixcart.com/image/smart-band-tag/a/9/n/vivosmart-large-size-garmin-1100x1100-imae8wt9ggedcsh3.jpeg;http://img6a.flixcart.com/image/smart-band-tag/a/9/n/vivosmart-large-size-garmin-100x100-imae8wt9ggedcsh3.jpeg;http://img5a.flixcart.com/image/smart-band-tag/a/9/n/vivosmart-large-size-garmin-original-imae8wt9ggedcsh3.jpeg;http://img5a.flixcart.com/image/smart-band-tag/a/9/n/vivosmart-large-size-garmin-200x200-imae8wt9ggedcsh3.jpeg;,11999.0,9999.0,http://dl.flipkart.com/dl/garmin-vivosmart-large-size/p/itme8wsnfwpyefsf?pid=SBNE8WSNXUWFTA9N&affid=mohindhar,Wearable Smart Devices>Smart Bands,Garmin,,true,true,,,16,0,,Berry,,"[SBNE8WSN78RTYP6Q, SBNE8WSN7FGGGRDT, SBNE8WSNK8CQX3BA, SBNE8WSNWCGZ5GBH]",,
SBNE8WSNK8CQX3BA,Garmin Vivosmart (Large Size),,http://img5a.flixcart.com/image/smart-band-tag/3/b/a/vivosmart-large-size-garmin-400x400-imae8wt939aathfg.jpeg;http://img6a.flixcart.com/image/smart-band-tag/3/b/a/vivosmart-large-size-garmin-75x75-imae8wt939aathfg.jpeg;http://img6a.flixcart.com/image/smart-band-tag/3/b/a/vivosmart-large-size-garmin-275x275-imae8wt939aathfg.jpeg;http://img5a.flixcart.com/image/smart-band-tag/3/b/a/vivosmart-large-size-garmin-125x125-imae8wt939aathfg.jpeg;http://img5a.flixcart.com/image/smart-band-tag/3/b/a/vivosmart-large-size-garmin-40x40-imae8wt939aathfg.jpeg;http://img6a.flixcart.com/image/smart-band-tag/3/b/a/vivosmart-large-size-garmin-1100x1100-imae8wt939aathfg.jpeg;http://img6a.flixcart.com/image/smart-band-tag/3/b/a/vivosmart-large-size-garmin-100x100-imae8wt939aathfg.jpeg;http://img6a.flixcart.com/image/smart-band-tag/3/b/a/vivosmart-large-size-garmin-200x200-imae8wt939aathfg.jpeg;http://img6a.flixcart.com/image/smart-band-tag/3/b/a/vivosmart-large-size-garmin-original-imae8wt939aathfg.jpeg;,11999.0,9980.0,http://dl.flipkart.com/dl/garmin-vivosmart-large-size/p/itme8wsnfwpyefsf?pid=SBNE8WSNK8CQX3BA&affid=mohindhar,Wearable Smart Devices>Smart Bands,Garmin,,true,true,,,16,0,,Blue,,"[SBNE8WSN78RTYP6Q, SBNE8WSN7FGGGRDT, SBNE8WSNWCGZ5GBH, SBNE8WSNXUWFTA9N]",,
SBNE8WSKCVSSZFRM,Garmin Vivofit 2 (Large Size),,http://img5a.flixcart.com/image/smart-band-tag/f/r/m/vivofit-2-large-size-garmin-400x400-imae8wvdzphukxmw.jpeg;http://img5a.flixcart.com/image/smart-band-tag/f/r/m/vivofit-2-large-size-garmin-275x275-imae8wvdzphukxmw.jpeg;http://img6a.flixcart.com/image/smart-band-tag/f/r/m/vivofit-2-large-size-garmin-75x75-imae8wvdzphukxmw.jpeg;http://img5a.flixcart.com/image/smart-band-tag/f/r/m/vivofit-2-large-size-garmin-125x125-imae8wvdzphukxmw.jpeg;http://img6a.flixcart.com/image/smart-band-tag/f/r/m/vivofit-2-large-size-garmin-40x40-imae8wvdzphukxmw.jpeg;http://img6a.flixcart.com/image/smart-band-tag/f/r/m/vivofit-2-large-size-garmin-1100x1100-imae8wvdzphukxmw.jpeg;http://img6a.flixcart.com/image/smart-band-tag/f/r/m/vivofit-2-large-size-garmin-100x100-imae8wvdzphukxmw.jpeg;http://img6a.flixcart.com/image/smart-band-tag/f/r/m/vivofit-2-large-size-garmin-200x200-imae8wvdzphukxmw.jpeg;http://img5a.flixcart.com/image/smart-band-tag/f/r/m/vivofit-2-large-size-garmin-original-imae8wvdzphukxmw.jpeg;,7999.0,5890.0,http://dl.flipkart.com/dl/garmin-vivofit-2-large-size/p/itme8wskgcfqhqtw?pid=SBNE8WSKCVSSZFRM&affid=mohindhar,Wearable Smart Devices>Smart Bands,Garmin,,true,true,,,26,0,,Black,,"[SBNE8WSK5FGCH453, SBNE8WSKADAWFYHB, SBNE8WSKGGQFA8PB, SBNE8WSKVHXYJZHT]",,
SBNE8WSKADAWFYHB,Garmin Vivofit 2 (Large Size),,http://img5a.flixcart.com/image/smart-band-tag/y/h/b/vivofit-2-large-size-garmin-400x400-imae8wvdahpgspuy.jpeg;http://img5a.flixcart.com/image/smart-band-tag/y/h/b/vivofit-2-large-size-garmin-275x275-imae8wvdahpgspuy.jpeg;http://img6a.flixcart.com/image/smart-band-tag/y/h/b/vivofit-2-large-size-garmin-75x75-imae8wvdahpgspuy.jpeg;http://img5a.flixcart.com/image/smart-band-tag/y/h/b/vivofit-2-large-size-garmin-125x125-imae8wvdahpgspuy.jpeg;http://img6a.flixcart.com/image/smart-band-tag/y/h/b/vivofit-2-large-size-garmin-40x40-imae8wvdahpgspuy.jpeg;http://img5a.flixcart.com/image/smart-band-tag/y/h/b/vivofit-2-large-size-garmin-1100x1100-imae8wvdahpgspuy.jpeg;http://img6a.flixcart.com/image/smart-band-tag/y/h/b/vivofit-2-large-size-garmin-100x100-imae8wvdahpgspuy.jpeg;http://img5a.flixcart.com/image/smart-band-tag/y/h/b/vivofit-2-large-size-garmin-200x200-imae8wvdahpgspuy.jpeg;http://img6a.flixcart.com/image/smart-band-tag/y/h/b/vivofit-2-large-size-garmin-original-imae8wvdahpgspuy.jpeg;,7999.0,5890.0,http://dl.flipkart.com/dl/garmin-vivofit-2-large-size/p/itme8wskgcfqhqtw?pid=SBNE8WSKADAWFYHB&affid=mohindhar,Wearable Smart Devices>Smart Bands,Garmin,,true,true,,,26,0,,Navy,,"[SBNE8WSK5FGCH453, SBNE8WSKCVSSZFRM, SBNE8WSKGGQFA8PB, SBNE8WSKVHXYJZHT]",,
WATDP6S2X8ZZ8DKW,"Burg 971 Smart Watch  - For Men, Women",,http://img5a.flixcart.com/image/watch/d/k/w/971-burg-400x400-imadqczhgysquw56.jpeg;http://img5a.flixcart.com/image/watch/d/k/w/971-burg-75x75-imadqczhgysquw56.jpeg;http://img5a.flixcart.com/image/watch/d/k/w/971-burg-275x275-imadqczhgysquw56.jpeg;http://img5a.flixcart.com/image/watch/d/k/w/971-burg-125x125-imadqczhgysquw56.jpeg;http://img5a.flixcart.com/image/watch/d/k/w/971-burg-40x40-imadqczhgysquw56.jpeg;http://img5a.flixcart.com/image/watch/d/k/w/971-burg-100x100-imadqczhgysquw56.jpeg;http://img5a.flixcart.com/image/watch/d/k/w/971-burg-original-imadqczhgysquw56.jpeg;http://img5a.flixcart.com/image/watch/d/k/w/971-burg-200x200-imadqczhgysquw56.jpeg;http://img6a.flixcart.com/image/watch/d/k/w/971-burg-180x240-imadqczhgysquw56.jpeg;http://img5a.flixcart.com/image/watch/d/k/w/971-burg-275x340-imadqczhgysquw56.jpeg;,8900.0,8900.0,http://dl.flipkart.com/dl/burg-971-smart-watch-men-women/p/itmdp6s4qsgrmjgx?pid=WATDP6S2X8ZZ8DKW&affid=mohindhar,Wearable Smart Devices>Smartwatches,Burg,,false,true,,,0,0,,,,[],,
WATDZV8QB6UVSKZJ,"Burn BRSW04 Smart Watch  - For Women, Men",,http://img5a.flixcart.com/image/watch/k/z/j/brsw04-burn-400x400-imaeyfg8zcmvphuy.jpeg;http://img6a.flixcart.com/image/watch/k/z/j/brsw04-burn-75x75-imaeyfg8zcmvphuy.jpeg;http://img5a.flixcart.com/image/watch/k/z/j/brsw04-burn-275x275-imaeyfg8zcmvphuy.jpeg;http://img5a.flixcart.com/image/watch/k/z/j/brsw04-burn-125x125-imaeyfg8zcmvphuy.jpeg;http://img5a.flixcart.com/image/watch/k/z/j/brsw04-burn-40x40-imaeyfg8zcmvphuy.jpeg;http://img6a.flixcart.com/image/watch/k/z/j/brsw04-burn-original-imaeyfg8zcmvphuy.jpeg;http://img5a.flixcart.com/image/watch/k/z/j/brsw04-burn-100x100-imaeyfg8zcmvphuy.jpeg;http://img5a.flixcart.com/image/watch/k/z/j/brsw04-burn-200x200-imaeyfg8zcmvphuy.jpeg;http://img6a.flixcart.com/image/watch/k/z/j/brsw04-burn-1100x1360-imaeyfg8zcmvphuy.jpeg;http://img5a.flixcart.com/image/watch/k/z/j/brsw04-burn-180x240-imaeyfg8zcmvphuy.jpeg;http://img5a.flixcart.com/image/watch/k/z/j/brsw04-burn-275x340-imaeyfg8zcmvphuy.jpeg;,5999.0,5999.0,http://dl.flipkart.com/dl/burn-brsw04-smart-watch-women-men/p/itmdzvekjy7bkgqz?pid=WATDZV8QB6UVSKZJ&affid=mohindhar,Wearable Smart Devices>Smartwatches,Burn,,false,true,,,0,0,,,,[],,
WATDZV8QH4VDMEEW,"Burn BRS018 Smart Watch  - For Women, Men",,http://img6a.flixcart.com/image/watch/e/e/w/brsw08-burn-400x400-imaeyfg8fknze4az.jpeg;http://img5a.flixcart.com/image/watch/e/e/w/brsw08-burn-275x275-imaeyfg8fknze4az.jpeg;http://img5a.flixcart.com/image/watch/e/e/w/brsw08-burn-75x75-imaeyfg8fknze4az.jpeg;http://img6a.flixcart.com/image/watch/e/e/w/brsw08-burn-125x125-imaeyfg8fknze4az.jpeg;http://img6a.flixcart.com/image/watch/e/e/w/brsw08-burn-40x40-imaeyfg8fknze4az.jpeg;http://img5a.flixcart.com/image/watch/e/e/w/brsw08-burn-100x100-imaeyfg8fknze4az.jpeg;http://img5a.flixcart.com/image/watch/e/e/w/brsw08-burn-1100x1360-imaeyfg8fknze4az.jpeg;http://img6a.flixcart.com/image/watch/e/e/w/brsw08-burn-200x200-imaeyfg8fknze4az.jpeg;http://img6a.flixcart.com/image/watch/e/e/w/brsw08-burn-180x240-imaeyfg8fknze4az.jpeg;http://img6a.flixcart.com/image/watch/e/e/w/brsw08-burn-original-imaeyfg8fknze4az.jpeg;http://img5a.flixcart.com/image/watch/e/e/w/brsw08-burn-275x340-imaeyfg8fknze4az.jpeg;,5999.0,5999.0,http://dl.flipkart.com/dl/burn-brs018-smart-watch-women-men/p/itmdzvekhyj7gudx?pid=WATDZV8QH4VDMEEW&affid=mohindhar,Wearable Smart Devices>Smartwatches,Burn,,false,true,,,0,0,,,,[],,
WATDZV8QKG3X2KS8,"Burn BRSW01 Smart Watch  - For Men, Women",,http://img6a.flixcart.com/image/watch/k/s/8/brsw01-burn-400x400-imaeyfg8gmrkf5xz.jpeg;http://img5a.flixcart.com/image/watch/k/s/8/brsw01-burn-275x275-imaeyfg8gmrkf5xz.jpeg;http://img5a.flixcart.com/image/watch/k/s/8/brsw01-burn-75x75-imaeyfg8gmrkf5xz.jpeg;http://img5a.flixcart.com/image/watch/k/s/8/brsw01-burn-125x125-imaeyfg8gmrkf5xz.jpeg;http://img5a.flixcart.com/image/watch/k/s/8/brsw01-burn-40x40-imaeyfg8gmrkf5xz.jpeg;http://img5a.flixcart.com/image/watch/k/s/8/brsw01-burn-original-imaeyfg8gmrkf5xz.jpeg;http://img5a.flixcart.com/image/watch/k/s/8/brsw01-burn-100x100-imaeyfg8gmrkf5xz.jpeg;http://img5a.flixcart.com/image/watch/k/s/8/brsw01-burn-1100x1360-imaeyfg8gmrkf5xz.jpeg;http://img5a.flixcart.com/image/watch/k/s/8/brsw01-burn-200x200-imaeyfg8gmrkf5xz.jpeg;http://img6a.flixcart.com/image/watch/k/s/8/brsw01-burn-180x240-imaeyfg8gmrkf5xz.jpeg;http://img6a.flixcart.com/image/watch/k/s/8/brsw01-burn-275x340-imaeyfg8gmrkf5xz.jpeg;,8999.0,8999.0,http://dl.flipkart.com/dl/burn-brsw01-smart-watch-men-women/p/itmdzvekqrhsjzqb?pid=WATDZV8QKG3X2KS8&affid=mohindhar,Wearable Smart Devices>Smartwatches,Burn,,false,true,,,0,0,,,,[],,
WATDZV8QKWMHZZWT,"Burn BRSW06 Smart Watch  - For Women, Men",,http://img6a.flixcart.com/image/watch/e/e/w/brsw08-burn-400x400-imaeyfg8fknze4az.jpeg;http://img5a.flixcart.com/image/watch/e/e/w/brsw08-burn-275x275-imaeyfg8fknze4az.jpeg;http://img5a.flixcart.com/image/watch/e/e/w/brsw08-burn-75x75-imaeyfg8fknze4az.jpeg;http://img6a.flixcart.com/image/watch/e/e/w/brsw08-burn-125x125-imaeyfg8fknze4az.jpeg;http://img6a.flixcart.com/image/watch/e/e/w/brsw08-burn-40x40-imaeyfg8fknze4az.jpeg;http://img5a.flixcart.com/image/watch/e/e/w/brsw08-burn-100x100-imaeyfg8fknze4az.jpeg;http://img5a.flixcart.com/image/watch/e/e/w/brsw08-burn-1100x1360-imaeyfg8fknze4az.jpeg;http://img6a.flixcart.com/image/watch/e/e/w/brsw08-burn-200x200-imaeyfg8fknze4az.jpeg;http://img6a.flixcart.com/image/watch/e/e/w/brsw08-burn-180x240-imaeyfg8fknze4az.jpeg;http://img6a.flixcart.com/image/watch/e/e/w/brsw08-burn-original-imaeyfg8fknze4az.jpeg;http://img5a.flixcart.com/image/watch/e/e/w/brsw08-burn-275x340-imaeyfg8fknze4az.jpeg;,5999.0,5999.0,http://dl.flipkart.com/dl/burn-brsw06-smart-watch-women-men/p/itmdzvekm936qwzy?pid=WATDZV8QKWMHZZWT&affid=mohindhar,Wearable Smart Devices>Smartwatches,Burn,,false,true,,,0,0,,,,[],,
WATDF3KE7SBTKMEJ,Burg 9 Smartwatch - Men,,http://img6a.flixcart.com/image/watch/m/e/j/973-burg-400x400-imadzvgb7gsay2tv.jpeg;http://img5a.flixcart.com/image/watch/m/e/j/973-burg-75x75-imadzvgb7gsay2tv.jpeg;http://img6a.flixcart.com/image/watch/m/e/j/973-burg-275x275-imadzvgb7gsay2tv.jpeg;http://img6a.flixcart.com/image/watch/m/e/j/973-burg-125x125-imadzvgb7gsay2tv.jpeg;http://img6a.flixcart.com/image/watch/m/e/j/973-burg-40x40-imadzvgb7gsay2tv.jpeg;http://img6a.flixcart.com/image/watch/m/e/j/973-burg-100x100-imadzvgb7gsay2tv.jpeg;http://img5a.flixcart.com/image/watch/m/e/j/973-burg-200x200-imadzvgb7gsay2tv.jpeg;http://img6a.flixcart.com/image/watch/m/e/j/973-burg-1100x1360-imadzvgb7gsay2tv.jpeg;http://img5a.flixcart.com/image/watch/m/e/j/973-burg-180x240-imadzvgb7gsay2tv.jpeg;http://img5a.flixcart.com/image/watch/m/e/j/973-burg-original-imadzvgb7gsay2tv.jpeg;http://img5a.flixcart.com/image/watch/m/e/j/973-burg-275x340-imadzvgb7gsay2tv.jpeg;,8900.0,8900.0,http://dl.flipkart.com/dl/burg-9-smartwatch-men/p/itmdf3h7gftrgtmj?pid=WATDF3KE7SBTKMEJ&affid=mohindhar,Wearable Smart Devices>Smartwatches,Burg,,false,true,,,0,0,,,,[],,
WATDP6S2G2VY4BCZ,"Burg 1311 Smart Watch  - For Women, Men",,http://img5a.flixcart.com/image/watch/b/c/z/1311-burg-400x400-imadzstutjgbhf5n.jpeg;http://img5a.flixcart.com/image/watch/b/c/z/1311-burg-original-imadzstutjgbhf5n.jpeg;http://img5a.flixcart.com/image/watch/b/c/z/1311-burg-75x75-imadzstutjgbhf5n.jpeg;http://img6a.flixcart.com/image/watch/b/c/z/1311-burg-275x275-imadzstutjgbhf5n.jpeg;http://img6a.flixcart.com/image/watch/b/c/z/1311-burg-125x125-imadzstutjgbhf5n.jpeg;http://img5a.flixcart.com/image/watch/b/c/z/1311-burg-40x40-imadzstutjgbhf5n.jpeg;http://img6a.flixcart.com/image/watch/b/c/z/1311-burg-100x100-imadzstutjgbhf5n.jpeg;http://img6a.flixcart.com/image/watch/b/c/z/1311-burg-200x200-imadzstutjgbhf5n.jpeg;http://img6a.flixcart.com/image/watch/b/c/z/1311-burg-1100x1360-imadzstutjgbhf5n.jpeg;http://img5a.flixcart.com/image/watch/b/c/z/1311-burg-180x240-imadzstutjgbhf5n.jpeg;http://img6a.flixcart.com/image/watch/b/c/z/1311-burg-275x340-imadzstutjgbhf5n.jpeg;,21900.0,21900.0,http://dl.flipkart.com/dl/burg-1311-smart-watch-women-men/p/itmdp6s4uufpfwy8?pid=WATDP6S2G2VY4BCZ&affid=mohindhar,Wearable Smart Devices>Smartwatches,Burg,,false,true,,,0,0,,,,[],,
WATDP6S23ENHXH7B,"Burg 1316 Smart Watch  - For Men, Women",,http://img5a.flixcart.com/image/watch/h/7/b/1316-burg-400x400-imadzt58ehdxwf3p.jpeg;http://img6a.flixcart.com/image/watch/h/7/b/1316-burg-275x275-imadzt58ehdxwf3p.jpeg;http://img5a.flixcart.com/image/watch/h/7/b/1316-burg-75x75-imadzt58ehdxwf3p.jpeg;http://img5a.flixcart.com/image/watch/h/7/b/1316-burg-125x125-imadzt58ehdxwf3p.jpeg;http://img6a.flixcart.com/image/watch/h/7/b/1316-burg-40x40-imadzt58ehdxwf3p.jpeg;http://img5a.flixcart.com/image/watch/h/7/b/1316-burg-100x100-imadzt58ehdxwf3p.jpeg;http://img5a.flixcart.com/image/watch/h/7/b/1316-burg-original-imadzt58ehdxwf3p.jpeg;http://img6a.flixcart.com/image/watch/h/7/b/1316-burg-1100x1360-imadzt58ehdxwf3p.jpeg;http://img5a.flixcart.com/image/watch/h/7/b/1316-burg-200x200-imadzt58ehdxwf3p.jpeg;http://img6a.flixcart.com/image/watch/h/7/b/1316-burg-180x240-imadzt58ehdxwf3p.jpeg;http://img6a.flixcart.com/image/watch/h/7/b/1316-burg-275x340-imadzt58ehdxwf3p.jpeg;,21900.0,21900.0,http://dl.flipkart.com/dl/burg-1316-smart-watch-men-women/p/itmdp6s4v6hsrguu?pid=WATDP6S23ENHXH7B&affid=mohindhar,Wearable Smart Devices>Smartwatches,Burg,,false,true,,,0,0,,,,[],,
WATDP6S2GBKSJFFX,"Burg 1213 Smart Watch  - For Women, Men",,http://img5a.flixcart.com/image/watch/f/f/x/1213-burg-400x400-imadqcve538bt7ch.jpeg;http://img6a.flixcart.com/image/watch/f/f/x/1213-burg-75x75-imadqcve538bt7ch.jpeg;http://img5a.flixcart.com/image/watch/f/f/x/1213-burg-275x275-imadqcve538bt7ch.jpeg;http://img6a.flixcart.com/image/watch/f/f/x/1213-burg-125x125-imadqcve538bt7ch.jpeg;http://img5a.flixcart.com/image/watch/f/f/x/1213-burg-40x40-imadqcve538bt7ch.jpeg;http://img6a.flixcart.com/image/watch/f/f/x/1213-burg-100x100-imadqcve538bt7ch.jpeg;http://img6a.flixcart.com/image/watch/f/f/x/1213-burg-200x200-imadqcve538bt7ch.jpeg;http://img6a.flixcart.com/image/watch/f/f/x/1213-burg-180x240-imadqcve538bt7ch.jpeg;http://img6a.flixcart.com/image/watch/f/f/x/1213-burg-original-imadqcve538bt7ch.jpeg;http://img6a.flixcart.com/image/watch/f/f/x/1213-burg-275x340-imadqcve538bt7ch.jpeg;,21900.0,21900.0,http://dl.flipkart.com/dl/burg-1213-smart-watch-women-men/p/itmdp6s4mzf6yfa7?pid=WATDP6S2GBKSJFFX&affid=mohindhar,Wearable Smart Devices>Smartwatches,Burg,,false,true,,,0,0,,,,[],,
WATEYYUJMKAYZGSN,"Martian MN200WBW Notifier Smart Watch  - For Women, Men",,http://img5a.flixcart.com/image/watch/g/s/n/mn200wbw-martian-400x400-imaey24zuh7uvefh.jpeg;http://img5a.flixcart.com/image/watch/g/s/n/mn200wbw-martian-75x75-imaey24zuh7uvefh.jpeg;http://img6a.flixcart.com/image/watch/g/s/n/mn200wbw-martian-275x275-imaey24zuh7uvefh.jpeg;http://img5a.flixcart.com/image/watch/g/s/n/mn200wbw-martian-125x125-imaey24zuh7uvefh.jpeg;http://img5a.flixcart.com/image/watch/g/s/n/mn200wbw-martian-40x40-imaey24zuh7uvefh.jpeg;http://img5a.flixcart.com/image/watch/g/s/n/mn200wbw-martian-100x100-imaey24zuh7uvefh.jpeg;http://img5a.flixcart.com/image/watch/g/s/n/mn200wbw-martian-200x200-imaey24zuh7uvefh.jpeg;http://img5a.flixcart.com/image/watch/g/s/n/mn200wbw-martian-1100x1360-imaey24zuh7uvefh.jpeg;http://img6a.flixcart.com/image/watch/g/s/n/mn200wbw-martian-180x240-imaey24zuh7uvefh.jpeg;http://img6a.flixcart.com/image/watch/g/s/n/mn200wbw-martian-original-imaey24zuh7uvefh.jpeg;http://img5a.flixcart.com/image/watch/g/s/n/mn200wbw-martian-275x340-imaey24zuh7uvefh.jpeg;,9999.0,9999.0,http://dl.flipkart.com/dl/martian-mn200wbw-notifier-smart-watch-women-men/p/itmeyyuksfg7w9md?pid=WATEYYUJMKAYZGSN&affid=mohindhar,Wearable Smart Devices>Smartwatches,Martian,,true,true,,,0,0,,,,[],,
WATE3X4WY9UHCUVW,"Sony SWR30 Smart Watch  - For Men, Women",Walk and talk::True handsfree calling::Keep yourself updated::Live life. Log it::Moving is living::Live in style::Easy style change::Discover the detail::Calling on your wrist::Voice interaction::E Ink display::Sunlight readable,http://img6a.flixcart.com/image/watch/u/v/w/swr30-sony-400x400-imae3rd9kykgfvre.jpeg;http://img6a.flixcart.com/image/watch/u/v/w/swr30-sony-275x275-imae3rd9kykgfvre.jpeg;http://img6a.flixcart.com/image/watch/u/v/w/swr30-sony-75x75-imae3rd9kykgfvre.jpeg;http://img5a.flixcart.com/image/watch/u/v/w/swr30-sony-125x125-imae3rd9kykgfvre.jpeg;http://img5a.flixcart.com/image/watch/u/v/w/swr30-sony-40x40-imae3rd9kykgfvre.jpeg;http://img5a.flixcart.com/image/watch/u/v/w/swr30-sony-100x100-imae3rd9kykgfvre.jpeg;http://img5a.flixcart.com/image/watch/u/v/w/swr30-sony-1100x1360-imae3rd9kykgfvre.jpeg;http://img5a.flixcart.com/image/watch/u/v/w/swr30-sony-200x200-imae3rd9kykgfvre.jpeg;http://img5a.flixcart.com/image/watch/u/v/w/swr30-sony-original-imae3rd9kykgfvre.jpeg;http://img5a.flixcart.com/image/watch/u/v/w/swr30-sony-180x240-imae3rd9kykgfvre.jpeg;http://img6a.flixcart.com/image/watch/u/v/w/swr30-sony-275x340-imae3rd9kykgfvre.jpeg;,12990.0,10210.0,http://dl.flipkart.com/dl/sony-swr30-smart-watch-men-women/p/itme3x4wzh4myzka?pid=WATE3X4WY9UHCUVW&affid=mohindhar,Wearable Smart Devices>Smartwatches,Sony,,true,true,,,21,0,,,,[],,
WATE3UPHPH24AHH8,"Sony SWR50 Smart Watch  - For Men, Women",Contextual and personal With or without smartphone Impressive standalone functions,http://img5a.flixcart.com/image/watch/h/h/8/swr50-sony-400x400-imae3sc7ezgh5gz9.jpeg;http://img5a.flixcart.com/image/watch/h/h/8/swr50-sony-75x75-imae3sc7ezgh5gz9.jpeg;http://img5a.flixcart.com/image/watch/h/h/8/swr50-sony-275x275-imae3sc7ezgh5gz9.jpeg;http://img5a.flixcart.com/image/watch/h/h/8/swr50-sony-original-imae3sc7ezgh5gz9.jpeg;http://img6a.flixcart.com/image/watch/h/h/8/swr50-sony-125x125-imae3sc7ezgh5gz9.jpeg;http://img5a.flixcart.com/image/watch/h/h/8/swr50-sony-40x40-imae3sc7ezgh5gz9.jpeg;http://img5a.flixcart.com/image/watch/h/h/8/swr50-sony-100x100-imae3sc7ezgh5gz9.jpeg;http://img6a.flixcart.com/image/watch/h/h/8/swr50-sony-200x200-imae3sc7ezgh5gz9.jpeg;http://img6a.flixcart.com/image/watch/h/h/8/swr50-sony-180x240-imae3sc7ezgh5gz9.jpeg;http://img5a.flixcart.com/image/watch/h/h/8/swr50-sony-275x340-imae3sc7ezgh5gz9.jpeg;,19990.0,16680.0,http://dl.flipkart.com/dl/sony-swr50-smart-watch-men-women/p/itme3uph9zwtvtpp?pid=WATE3UPHPH24AHH8&affid=mohindhar,Wearable Smart Devices>Smartwatches,Sony,,true,true,,,16,0,,,,[],,
WATE3HF6ZMXTJHHY,"Kenxinda KXDW3 Smart Watch  - For Men, Women","A Wrist Wearable - GSM Watch Mobile with Single Micro Sim & Micro- SD Card Support, 1.44 Inch Color Screen with Capacitive Touch Screen, Camera, Audio/Video Player and Recorder, FM, Game, Inbuilt Long Lasting Battery, Password Protected Privacy Option, Call Black List Option. Package - Mobile Phone, Charger, Data Cable, Bluetooth Headset.",http://img5a.flixcart.com/image/watch/h/h/y/kxdw3-kenxinda-400x400-imae38kwc4zdz6kt.jpeg;http://img5a.flixcart.com/image/watch/h/h/y/kxdw3-kenxinda-275x275-imae38kwc4zdz6kt.jpeg;http://img5a.flixcart.com/image/watch/h/h/y/kxdw3-kenxinda-75x75-imae38kwc4zdz6kt.jpeg;http://img5a.flixcart.com/image/watch/h/h/y/kxdw3-kenxinda-original-imae38kwc4zdz6kt.jpeg;http://img5a.flixcart.com/image/watch/h/h/y/kxdw3-kenxinda-125x125-imae38kwc4zdz6kt.jpeg;http://img5a.flixcart.com/image/watch/h/h/y/kxdw3-kenxinda-40x40-imae38kwc4zdz6kt.jpeg;http://img6a.flixcart.com/image/watch/h/h/y/kxdw3-kenxinda-100x100-imae38kwc4zdz6kt.jpeg;http://img6a.flixcart.com/image/watch/h/h/y/kxdw3-kenxinda-1100x1360-imae38kwc4zdz6kt.jpeg;http://img6a.flixcart.com/image/watch/h/h/y/kxdw3-kenxinda-200x200-imae38kwc4zdz6kt.jpeg;http://img6a.flixcart.com/image/watch/h/h/y/kxdw3-kenxinda-180x240-imae38kwc4zdz6kt.jpeg;http://img6a.flixcart.com/image/watch/h/h/y/kxdw3-kenxinda-275x340-imae38kwc4zdz6kt.jpeg;,3699.0,2897.0,http://dl.flipkart.com/dl/kenxinda-kxdw3-smart-watch-men-women/p/itme3hf6hy9mhnef?pid=WATE3HF6ZMXTJHHY&affid=mohindhar,Wearable Smart Devices>Smartwatches,Kenxinda,,true,true,,,21,0,,,,[],,
WATDDQQRSGB2CNQT,"Sony Smartwatch - For Men, Women","Featuring the highest levels of the latest Android platform, this digital smartwatch from Sony is all you need to keep your world at your fingertips. Apart from its stunning design, this battery powered smartwatch comes fully armed with an arsenal of high-tech features and functions that is sure to blow you away.  Body and Design This dial houses a 1.3 inch OLED display, which also doubles as the watch's ultra-responsive touch interface, that lets you touch, tap and swipe to get desired response from your smartwatch. Loaded with host of advanced technology, this dial comes surrounded by a significantly thick aluminium case, which gives this smartwatch the advantage of being dust and splash proof. This means that you can go on enjoying everything that this smartwatch offers, without worrying about how much damage caused to the watch by that accidental spill of water during dinner. This smartwatch stays securely attached to your wrist with its stylish rubber strap which operates a buckle clasp or with any 20 mm band, to which the dial can be fixed using its watchband adapter. Functions and Other Features Working on the popular Android operating system, this smartwatch almost mimics every operation that can be done on an Android smartphone. Helping you to connect and pair this watch with your smartphone is its Bluetooth connectivity feature that has a maximum range of 10 m. This wireless pairing of your smartphone and the smartwatch, lets you experience and operate a wide range of smart features that includes music player, message and e-mail display, social networking, calculator, accept or reject calls and displaying pre-defined messages. Just like on your phone, all the notifications received come with display and vibration alert. The watch also has the important and highly useful calendar function along with a day and date display, so you can easily plan your schedule, with nothing more than your smartwatch. The battery can be charged using a standard USB connector, making it a near perfect working replica of your smartphone. Note: This watch is not compatible with the following phones: HTC Desire C HTC Desire S HTC One S HTC One V HTC One X HTC Wildfire HTC Wildfire S Huawei U8650 Motorola ATRIX Motorola DEFY Motorola DEFY + Motorola Droid 2 Milestone 2 Motorola RAZR Orange San Francisco Samsung Galaxy 5 Samsung Galaxy Ace Samsung Galaxy Ace 2 Samsung Galaxy Fit Samsung Galaxy Gio Samsung Galaxy Mini Samsung Galaxy Note Samsung Galaxy SL Samsung Galaxy S II Samsung Galaxy SII ICS Samsung Galaxy SIII Samsung Galaxy W",http://img5a.flixcart.com/image/watch/n/q/t/mn2-sony-400x400-imadx8zm8wa46zwg.jpeg;http://img5a.flixcart.com/image/watch/n/q/t/mn2-sony-75x75-imadx8zm8wa46zwg.jpeg;http://img6a.flixcart.com/image/watch/n/q/t/mn2-sony-275x275-imadx8zm8wa46zwg.jpeg;http://img5a.flixcart.com/image/watch/n/q/t/mn2-sony-125x125-imadx8zm8wa46zwg.jpeg;http://img5a.flixcart.com/image/watch/n/q/t/mn2-sony-40x40-imadx8zm8wa46zwg.jpeg;http://img6a.flixcart.com/image/watch/n/q/t/mn2-sony-100x100-imadx8zm8wa46zwg.jpeg;http://img5a.flixcart.com/image/watch/n/q/t/mn2-sony-original-imadx8zm8wa46zwg.jpeg;http://img5a.flixcart.com/image/watch/n/q/t/mn2-sony-200x200-imadx8zm8wa46zwg.jpeg;http://img6a.flixcart.com/image/watch/n/q/t/mn2-sony-1100x1360-imadx8zm8wa46zwg.jpeg;http://img6a.flixcart.com/image/watch/n/q/t/mn2-sony-180x240-imadx8zm8wa46zwg.jpeg;http://img6a.flixcart.com/image/watch/n/q/t/mn2-sony-275x340-imadx8zm8wa46zwg.jpeg;,9999.0,6900.0,http://dl.flipkart.com/dl/sony-smartwatch-men-women/p/itmddqqttvanqk62?pid=WATDDQQRSGB2CNQT&affid=mohindhar,Wearable Smart Devices>Smartwatches,Sony,,true,true,,,30,0,,,,[],,
SBNE9NSGPYG5RXYM,Kingshen Diamond,"Accurately track all day stats like steps taken, distance traveled, calories burned, stairs, climbed, and active minutes.Monitor your sleep auto matically and wake with a silent alarm.See daily stats, time of day, and exercise mode wity a bright OLED display.Get call notifications right on your wrist.Access real-time run stats like time, distance, and pace to stay on track.Sync stats wirelessly and automatically to your computer and over 120 leading smartphones.Set Time/Date User-definedAlarm SupportRemote Camera Monitoring your sleeping time and sleeping quality.Motion TrackerPedometer Keep track of you stepsDistance Record your distanceCalorie Calculate the calorie consumptionHealth CareSedentary Reminder Remind you to take a walk after sitting too muchSleep Monitor Monitoring your sleeping time and sleeping qualityNotificationInformation Phone call, MessageDisplay Supportsynchronization Automatically sync your data via bluetooth.",http://img6a.flixcart.com/image/smart-band-tag/x/y/m/e02-kingshen-400x400-imae9mbkgqmpyhzs.jpeg;http://img6a.flixcart.com/image/smart-band-tag/x/y/m/e02-kingshen-75x75-imae9mbkgqmpyhzs.jpeg;http://img6a.flixcart.com/image/smart-band-tag/x/y/m/e02-kingshen-275x275-imae9mbkgqmpyhzs.jpeg;http://img5a.flixcart.com/image/smart-band-tag/x/y/m/e02-kingshen-125x125-imae9mbkgqmpyhzs.jpeg;http://img5a.flixcart.com/image/smart-band-tag/x/y/m/e02-kingshen-40x40-imae9mbkgqmpyhzs.jpeg;http://img5a.flixcart.com/image/smart-band-tag/x/y/m/e02-kingshen-1100x1100-imae9mbkgqmpyhzs.jpeg;http://img5a.flixcart.com/image/smart-band-tag/x/y/m/e02-kingshen-100x100-imae9mbkgqmpyhzs.jpeg;http://img6a.flixcart.com/image/smart-band-tag/x/y/m/e02-kingshen-original-imae9mbkgqmpyhzs.jpeg;http://img5a.flixcart.com/image/smart-band-tag/x/y/m/e02-kingshen-200x200-imae9mbkgqmpyhzs.jpeg;,7999.0,2899.0,http://dl.flipkart.com/dl/kingshen-diamond/p/itme9nsggc35sm4b?pid=SBNE9NSGPYG5RXYM&affid=mohindhar,Wearable Smart Devices>Smart Bands,Kingshen,,false,true,,,63,0,,Blue,,"[SBNE9UPQ5D3F6T9V, SBNE9WKPMHBSFCR2, SBNE9WKPNAXSSHXP, SBNE9ZWAEKUY7ZJX]",,
SBNE998REDJF8Z5H,Beurer AS 80,"Splash protection, Memory capacity: 30 days and 7 nights",http://img5a.flixcart.com/image/smart-band-tag/z/5/h/as-80-beurer-400x400-imae99ydztgvpq3g.jpeg;http://img5a.flixcart.com/image/smart-band-tag/z/5/h/as-80-beurer-original-imae99ydztgvpq3g.jpeg;http://img5a.flixcart.com/image/smart-band-tag/z/5/h/as-80-beurer-75x75-imae99ydztgvpq3g.jpeg;http://img6a.flixcart.com/image/smart-band-tag/z/5/h/as-80-beurer-275x275-imae99ydztgvpq3g.jpeg;http://img5a.flixcart.com/image/smart-band-tag/z/5/h/as-80-beurer-125x125-imae99ydztgvpq3g.jpeg;http://img6a.flixcart.com/image/smart-band-tag/z/5/h/as-80-beurer-40x40-imae99ydztgvpq3g.jpeg;http://img5a.flixcart.com/image/smart-band-tag/z/5/h/as-80-beurer-1100x1100-imae99ydztgvpq3g.jpeg;http://img6a.flixcart.com/image/smart-band-tag/z/5/h/as-80-beurer-100x100-imae99ydztgvpq3g.jpeg;http://img6a.flixcart.com/image/smart-band-tag/z/5/h/as-80-beurer-200x200-imae99ydztgvpq3g.jpeg;,10116.0,8500.0,http://dl.flipkart.com/dl/beurer-as-80/p/itme998rjjsrsfjs?pid=SBNE998REDJF8Z5H&affid=mohindhar,Wearable Smart Devices>Smart Bands,Beurer,,true,true,,,15,0,,Black,,[],,
SBNEAGVWHKURHJUB,Kingshen Waterproof Top Bluetooth Wristband For Ios And Android,"Smart Bralect with OLED DiSPLAYAccurately track all day stats like steps taken, distance traveled, calories burned, stairs, climbed, and active minutes.Monitor your sleep auto matically and wake with a silent alarm.Get call notifications right on your wrist.Access real-time run stats like time, distance, and pace to stay on track.Sync stats wirelessly and automatically to your computer and over 120 leading smartphones.",http://img5a.flixcart.com/image/smart-band-tag/j/u/b/b7-kingshen-400x400-imaeagfyjzjyfysc.jpeg;http://img5a.flixcart.com/image/smart-band-tag/j/u/b/b7-kingshen-275x275-imaeagfyjzjyfysc.jpeg;http://img5a.flixcart.com/image/smart-band-tag/j/u/b/b7-kingshen-75x75-imaeagfyjzjyfysc.jpeg;http://img5a.flixcart.com/image/smart-band-tag/j/u/b/b7-kingshen-original-imaeagfyjzjyfysc.jpeg;http://img6a.flixcart.com/image/smart-band-tag/j/u/b/b7-kingshen-125x125-imaeagfyjzjyfysc.jpeg;http://img5a.flixcart.com/image/smart-band-tag/j/u/b/b7-kingshen-40x40-imaeagfyjzjyfysc.jpeg;http://img6a.flixcart.com/image/smart-band-tag/j/u/b/b7-kingshen-1100x1100-imaeagfyjzjyfysc.jpeg;http://img6a.flixcart.com/image/smart-band-tag/j/u/b/b7-kingshen-100x100-imaeagfyjzjyfysc.jpeg;http://img5a.flixcart.com/image/smart-band-tag/j/u/b/b7-kingshen-200x200-imaeagfyjzjyfysc.jpeg;,9000.0,2255.0,http://dl.flipkart.com/dl/kingshen-waterproof-top-bluetooth-wristband-ios-android/p/itmeagvwj3gydbxr?pid=SBNEAGVWHKURHJUB&affid=mohindhar,Wearable Smart Devices>Smart Bands,Kingshen,,true,true,,,74,0,,Black,,[],,
SBNEAHTKBRNXPPW2,Opta Fitness Seriers,,http://img6a.flixcart.com/image/smart-band-tag/p/w/2/sb-002-opta-400x400-imaea6enrzn6hm4g.jpeg;http://img5a.flixcart.com/image/smart-band-tag/p/w/2/sb-002-opta-275x275-imaea6enrzn6hm4g.jpeg;http://img5a.flixcart.com/image/smart-band-tag/p/w/2/sb-002-opta-75x75-imaea6enrzn6hm4g.jpeg;http://img6a.flixcart.com/image/smart-band-tag/p/w/2/sb-002-opta-125x125-imaea6enrzn6hm4g.jpeg;http://img5a.flixcart.com/image/smart-band-tag/p/w/2/sb-002-opta-original-imaea6enrzn6hm4g.jpeg;http://img6a.flixcart.com/image/smart-band-tag/p/w/2/sb-002-opta-40x40-imaea6enrzn6hm4g.jpeg;http://img5a.flixcart.com/image/smart-band-tag/p/w/2/sb-002-opta-1100x1100-imaea6enrzn6hm4g.jpeg;http://img6a.flixcart.com/image/smart-band-tag/p/w/2/sb-002-opta-100x100-imaea6enrzn6hm4g.jpeg;http://img5a.flixcart.com/image/smart-band-tag/p/w/2/sb-002-opta-200x200-imaea6enrzn6hm4g.jpeg;,8999.0,2499.0,http://dl.flipkart.com/dl/opta-fitness-seriers/p/itmeahtkqfzwfmuu?pid=SBNEAHTKBRNXPPW2&affid=mohindhar,Wearable Smart Devices>Smart Bands,Opta,,true,true,,,72,0,,Cool Grey,,[],,
SBNEAKRZCYGFQASY,Kingshen Fashion Waterproof Bluetooth Tw64 Smart Bracelet With High Quality,"Product Description1) Sports records. (pedometer, calories burned, mileage, movement trend chart at a time can be displayed)2) Sleeping monitor. (sleeping quality trend chart at a time can be displayed)3) Super long standby for 30 days. 5 times compared with normal bracelets, lowest power consumption Bluetooth chip. 4) Take photo by a shaking. 5) Health data sharing. 6) Intelligent anti-lost, intelligent unlocked. 7) SMS, missed call, call reminding. 8) Android system, 9) Waterproof functions, online upgraded firmware.",http://img5a.flixcart.com/image/smart-band-tag/a/s/y/tw64-kingshen-400x400-imaeaf7gnpcqzn3r.jpeg;http://img6a.flixcart.com/image/smart-band-tag/a/s/y/tw64-kingshen-original-imaeaf7gnpcqzn3r.jpeg;http://img5a.flixcart.com/image/smart-band-tag/a/s/y/tw64-kingshen-275x275-imaeaf7gnpcqzn3r.jpeg;http://img5a.flixcart.com/image/smart-band-tag/a/s/y/tw64-kingshen-75x75-imaeaf7gnpcqzn3r.jpeg;http://img5a.flixcart.com/image/smart-band-tag/a/s/y/tw64-kingshen-125x125-imaeaf7gnpcqzn3r.jpeg;http://img5a.flixcart.com/image/smart-band-tag/a/s/y/tw64-kingshen-40x40-imaeaf7gnpcqzn3r.jpeg;http://img6a.flixcart.com/image/smart-band-tag/a/s/y/tw64-kingshen-1100x1100-imaeaf7gnpcqzn3r.jpeg;http://img5a.flixcart.com/image/smart-band-tag/a/s/y/tw64-kingshen-100x100-imaeaf7gnpcqzn3r.jpeg;http://img5a.flixcart.com/image/smart-band-tag/a/s/y/tw64-kingshen-200x200-imaeaf7gnpcqzn3r.jpeg;,4999.0,1999.0,http://dl.flipkart.com/dl/kingshen-fashion-waterproof-bluetooth-tw64-smart-bracelet-high-quality/p/itmeakrzrerqh6yf?pid=SBNEAKRZCYGFQASY&affid=mohindhar,Wearable Smart Devices>Smart Bands,Kingshen,,true,true,,,60,0,,Black,,[],,
SBNEAJ5ZFGVFCYGG,Beurer Activity Sensor,,http://img5a.flixcart.com/image/smart-band-tag/y/g/g/as-880-beurer-400x400-imae99ydztgvpq3g.jpeg;http://img5a.flixcart.com/image/smart-band-tag/y/g/g/as-880-beurer-original-imae99ydztgvpq3g.jpeg;http://img6a.flixcart.com/image/smart-band-tag/y/g/g/as-880-beurer-75x75-imae99ydztgvpq3g.jpeg;http://img6a.flixcart.com/image/smart-band-tag/y/g/g/as-880-beurer-275x275-imae99ydztgvpq3g.jpeg;http://img6a.flixcart.com/image/smart-band-tag/y/g/g/as-880-beurer-125x125-imae99ydztgvpq3g.jpeg;http://img5a.flixcart.com/image/smart-band-tag/y/g/g/as-880-beurer-40x40-imae99ydztgvpq3g.jpeg;http://img6a.flixcart.com/image/smart-band-tag/y/g/g/as-880-beurer-1100x1100-imae99ydztgvpq3g.jpeg;http://img6a.flixcart.com/image/smart-band-tag/y/g/g/as-880-beurer-100x100-imae99ydztgvpq3g.jpeg;http://img5a.flixcart.com/image/smart-band-tag/y/g/g/as-880-beurer-200x200-imae99ydztgvpq3g.jpeg;,10114.0,8500.0,http://dl.flipkart.com/dl/beurer-activity-sensor/p/itmeaj5zauggsptm?pid=SBNEAJ5ZFGVFCYGG&affid=mohindhar,Wearable Smart Devices>Smart Bands,Beurer,,true,true,,,15,0,,Black,,[],,
SBNEAK4XASFYGBXD,Kingshen Cool Design Fashion 0.69inch Oled Touch Screen Smart Band,"Motion TrackerPedometer Keep track of you stepsDistance Record your distanceCalorie Calculate the calorie consumptionHealthy CareSedentary Reminder Remind you to take a walk after sitting too muchSleep Monitor Monitoring your sleeping time and Leeping qualityNotificationInformation Phone Call, MessageDisplay YESsynchronization Automatically sync your data via bluetooth",http://img6a.flixcart.com/image/smart-band-tag/b/x/d/b5-kingshen-400x400-imaeagfdmhggzycg.jpeg;http://img5a.flixcart.com/image/smart-band-tag/b/x/d/b5-kingshen-275x275-imaeagfdmhggzycg.jpeg;http://img6a.flixcart.com/image/smart-band-tag/b/x/d/b5-kingshen-75x75-imaeagfdmhggzycg.jpeg;http://img6a.flixcart.com/image/smart-band-tag/b/x/d/b5-kingshen-125x125-imaeagfdmhggzycg.jpeg;http://img6a.flixcart.com/image/smart-band-tag/b/x/d/b5-kingshen-40x40-imaeagfdmhggzycg.jpeg;http://img6a.flixcart.com/image/smart-band-tag/b/x/d/b5-kingshen-1100x1100-imaeagfdmhggzycg.jpeg;http://img5a.flixcart.com/image/smart-band-tag/b/x/d/b5-kingshen-100x100-imaeagfdmhggzycg.jpeg;http://img5a.flixcart.com/image/smart-band-tag/b/x/d/b5-kingshen-200x200-imaeagfdmhggzycg.jpeg;http://img6a.flixcart.com/image/smart-band-tag/b/x/d/b5-kingshen-original-imaeagfdmhggzycg.jpeg;,5999.0,2200.0,http://dl.flipkart.com/dl/kingshen-cool-design-fashion-0-69inch-oled-touch-screen-smart-band/p/itmeak4xhtsxhmun?pid=SBNEAK4XASFYGBXD&affid=mohindhar,Wearable Smart Devices>Smart Bands,Kingshen,,false,true,,,63,0,,Black,,[],,
BLHE3FH6BZJSDEAJ,Dummy Brand 2 Bluetooth Hat,,http://img6a.flixcart.com/image/bluetooth-hat/e/a/j/dummy-model-number-2-dummy-brand-2-peppy-red-s-400x400-imae3fs6r4gwhgqk.jpeg;http://img5a.flixcart.com/image/bluetooth-hat/e/a/j/dummy-model-number-2-dummy-brand-2-peppy-red-s-275x275-imae3fs6r4gwhgqk.jpeg;http://img6a.flixcart.com/image/bluetooth-hat/e/a/j/dummy-model-number-2-dummy-brand-2-peppy-red-s-75x75-imae3fs6r4gwhgqk.jpeg;http://img5a.flixcart.com/image/bluetooth-hat/e/a/j/dummy-model-number-2-dummy-brand-2-peppy-red-s-original-imae3fs6r4gwhgqk.jpeg;http://img5a.flixcart.com/image/bluetooth-hat/e/a/j/dummy-model-number-2-dummy-brand-2-peppy-red-s-125x125-imae3fs6r4gwhgqk.jpeg;http://img5a.flixcart.com/image/bluetooth-hat/e/a/j/dummy-model-number-2-dummy-brand-2-peppy-red-s-40x40-imae3fs6r4gwhgqk.jpeg;http://img5a.flixcart.com/image/bluetooth-hat/e/a/j/dummy-model-number-2-dummy-brand-2-peppy-red-s-100x100-imae3fs6r4gwhgqk.jpeg;http://img5a.flixcart.com/image/bluetooth-hat/e/a/j/dummy-model-number-2-dummy-brand-2-peppy-red-s-200x200-imae3fs6r4gwhgqk.jpeg;,0.0,0.0,http://dl.flipkart.com/dl/dummy-brand-2-bluetooth-hat/p/itme3fh8bak4tf4v?pid=BLHE3FH6BZJSDEAJ&affid=mohindhar,Wearable Smart Devices>Bluetooth Hats,Dummy Brand 2,,false,true,,,0,0,,[Red],S,[],,
BLHE3FH6JGNVVZEY,Dummy Brand 3 Bluetooth Hat,,http://img5a.flixcart.com/image/bluetooth-hat/z/e/y/dummy-model-number-3-dummy-brand-3-peppy-red-s-400x400-imae3fs62xcdrjwf.jpeg;http://img5a.flixcart.com/image/bluetooth-hat/z/e/y/dummy-model-number-3-dummy-brand-3-peppy-red-s-original-imae3fs62xcdrjwf.jpeg;http://img6a.flixcart.com/image/bluetooth-hat/z/e/y/dummy-model-number-3-dummy-brand-3-peppy-red-s-275x275-imae3fs62xcdrjwf.jpeg;http://img6a.flixcart.com/image/bluetooth-hat/z/e/y/dummy-model-number-3-dummy-brand-3-peppy-red-s-75x75-imae3fs62xcdrjwf.jpeg;http://img6a.flixcart.com/image/bluetooth-hat/z/e/y/dummy-model-number-3-dummy-brand-3-peppy-red-s-125x125-imae3fs62xcdrjwf.jpeg;http://img6a.flixcart.com/image/bluetooth-hat/z/e/y/dummy-model-number-3-dummy-brand-3-peppy-red-s-40x40-imae3fs62xcdrjwf.jpeg;http://img5a.flixcart.com/image/bluetooth-hat/z/e/y/dummy-model-number-3-dummy-brand-3-peppy-red-s-100x100-imae3fs62xcdrjwf.jpeg;http://img6a.flixcart.com/image/bluetooth-hat/z/e/y/dummy-model-number-3-dummy-brand-3-peppy-red-s-200x200-imae3fs62xcdrjwf.jpeg;,0.0,0.0,http://dl.flipkart.com/dl/dummy-brand-3-bluetooth-hat/p/itme3fh8zjcnettu?pid=BLHE3FH6JGNVVZEY&affid=mohindhar,Wearable Smart Devices>Bluetooth Hats,Dummy Brand 3,,false,true,,,0,0,,[Red],S,[],,
BLHE3FH6SBTBABY3,Dummy Brand 1 Bluetooth Hat,,http://img6a.flixcart.com/image/bluetooth-hat/b/y/3/dummy-model-number-1-dummy-brand-1-peppy-red-s-400x400-imae3fs7tbgytzgp.jpeg;http://img6a.flixcart.com/image/bluetooth-hat/b/y/3/dummy-model-number-1-dummy-brand-1-peppy-red-s-275x275-imae3fs7tbgytzgp.jpeg;http://img6a.flixcart.com/image/bluetooth-hat/b/y/3/dummy-model-number-1-dummy-brand-1-peppy-red-s-75x75-imae3fs7tbgytzgp.jpeg;http://img5a.flixcart.com/image/bluetooth-hat/b/y/3/dummy-model-number-1-dummy-brand-1-peppy-red-s-125x125-imae3fs7tbgytzgp.jpeg;http://img6a.flixcart.com/image/bluetooth-hat/b/y/3/dummy-model-number-1-dummy-brand-1-peppy-red-s-40x40-imae3fs7tbgytzgp.jpeg;http://img5a.flixcart.com/image/bluetooth-hat/b/y/3/dummy-model-number-1-dummy-brand-1-peppy-red-s-original-imae3fs7tbgytzgp.jpeg;http://img6a.flixcart.com/image/bluetooth-hat/b/y/3/dummy-model-number-1-dummy-brand-1-peppy-red-s-100x100-imae3fs7tbgytzgp.jpeg;http://img6a.flixcart.com/image/bluetooth-hat/b/y/3/dummy-model-number-1-dummy-brand-1-peppy-red-s-200x200-imae3fs7tbgytzgp.jpeg;,0.0,0.0,http://dl.flipkart.com/dl/dummy-brand-1-bluetooth-hat/p/itme3fh8h2hfz5ya?pid=BLHE3FH6SBTBABY3&affid=mohindhar,Wearable Smart Devices>Bluetooth Hats,Dummy Brand 1,,false,true,,,0,0,,[Red],S,[],,
BLHEAHTZ9M8GU4QJ,Samsung Bluetooth Hat,,http://img6a.flixcart.com/image/bluetooth-hat/4/q/j/eo-mg920b-samsung-black-regular-400x400-imaeahabgwezg6zg.jpeg;http://img5a.flixcart.com/image/bluetooth-hat/4/q/j/eo-mg920b-samsung-black-regular-275x275-imaeahabgwezg6zg.jpeg;http://img5a.flixcart.com/image/bluetooth-hat/4/q/j/eo-mg920b-samsung-black-regular-75x75-imaeahabgwezg6zg.jpeg;http://img6a.flixcart.com/image/bluetooth-hat/4/q/j/eo-mg920b-samsung-black-regular-original-imaeahabgwezg6zg.jpeg;http://img6a.flixcart.com/image/bluetooth-hat/4/q/j/eo-mg920b-samsung-black-regular-125x125-imaeahabgwezg6zg.jpeg;http://img6a.flixcart.com/image/bluetooth-hat/4/q/j/eo-mg920b-samsung-black-regular-40x40-imaeahabgwezg6zg.jpeg;http://img6a.flixcart.com/image/bluetooth-hat/4/q/j/eo-mg920b-samsung-black-regular-1100x1100-imaeahabgwezg6zg.jpeg;http://img6a.flixcart.com/image/bluetooth-hat/4/q/j/eo-mg920b-samsung-black-regular-100x100-imaeahabgwezg6zg.jpeg;http://img6a.flixcart.com/image/bluetooth-hat/4/q/j/eo-mg920b-samsung-black-regular-200x200-imaeahabgwezg6zg.jpeg;,999.0,947.0,http://dl.flipkart.com/dl/samsung-bluetooth-hat/p/itmeahtzhkjeb5y9?pid=BLHEAHTZ9M8GU4QJ&affid=mohindhar,Wearable Smart Devices>Bluetooth Hats,Samsung,,true,true,,,5,0,,[Black],Regular,[],,
SBNEANFHPTZ6MKCX,Fastgo i5 Plus,"i5 Plus is a Smart Wearable devices,Sport smart bracelet compatible to IOS and Android.It can detect coming call, SMS and monitor sleep. Has longest standby battery life that can last as long as 30 days. Comes with Gesture Control and touch screen",http://img6a.flixcart.com/image/smart-band-tag/k/c/x/i5-plus-fastgo-original-imaeaz9pbcc5pkqg.jpeg;http://img6a.flixcart.com/image/smart-band-tag/k/c/x/i5-plus-fastgo-400x400-imaeaz9pbcc5pkqg.jpeg;http://img5a.flixcart.com/image/smart-band-tag/k/c/x/i5-plus-fastgo-75x75-imaeaz9pbcc5pkqg.jpeg;http://img5a.flixcart.com/image/smart-band-tag/k/c/x/i5-plus-fastgo-275x275-imaeaz9pbcc5pkqg.jpeg;http://img5a.flixcart.com/image/smart-band-tag/k/c/x/i5-plus-fastgo-125x125-imaeaz9pbcc5pkqg.jpeg;http://img6a.flixcart.com/image/smart-band-tag/k/c/x/i5-plus-fastgo-40x40-imaeaz9pbcc5pkqg.jpeg;http://img5a.flixcart.com/image/smart-band-tag/k/c/x/i5-plus-fastgo-1100x1100-imaeaz9pbcc5pkqg.jpeg;http://img5a.flixcart.com/image/smart-band-tag/k/c/x/i5-plus-fastgo-100x100-imaeaz9pbcc5pkqg.jpeg;http://img6a.flixcart.com/image/smart-band-tag/k/c/x/i5-plus-fastgo-200x200-imaeaz9pbcc5pkqg.jpeg;,10999.0,4999.0,http://dl.flipkart.com/dl/fastgo-i5-plus/p/itmeanfhdcz2hyer?pid=SBNEANFHPTZ6MKCX&affid=mohindhar,Wearable Smart Devices>Smart Bands,Fastgo,,true,true,,,54,0,,Black,,[],,
